{
  "texture": {
    "in": "skyhighheroes:fire/fire_stelar_suit_lights",
    "transform": [
      {
        "operation": "XOR",
        "supply": "skyhighheroes:xor/stelar_suit_lights_<TIMER>"
      }
    ],
    "out": "skyhighheroes:generated/fire_stelar_suit_lights_<TIMER>"
  },
  "getters": {
    "TIMER": {
      "key": "Math.ceil(81 * entity.getInterpolatedData('skyhighheroes:dyn/wave_changing_timer')) | 0",
      "values": {
        "min": 1,
        "max": 81
      }
    }
  },
  "isDynamic": true
}