{
  "texture": {
    "in": "skyhighheroes:cyber/blue/cyber_blue_lights",
    "transform": [
      {
        "operation": "XOR",
        "supply": "skyhighheroes:xor/cybernetic_thermoptic_base_<TIMER>"
      },
      {
        "operation": "STITCH",
        "supply": "skyhighheroes:cybernetic_head_base"
      },
      {
        "operation": "ADD",
        "supply": "skyhighheroes:cyber/blue/cyber_blue_head_lights"
      }
    ],
    "out": "skyhighheroes:generated/cyber_blue_head_lights_<TIMER>"
  },
  "getters": {
    "TIMER": {
      "key": "Math.min(Math.max(Math.ceil(47*Math.min(Math.max(entity.getInterpolatedData('skyhighheroes:dyn/thermoptic_camouflage_timer'), 0), 1)), 0), 15) | 0",
      "values": {
        "min": 0,
        "max": 15
      }
    }
  },
  "isDynamic": true
}