{
  "texture": {
    "in": "skyhighheroes:geo/geo_stelar_<VISUALIZER>_lights",
    "transform": [
      {
        "operation": "XOR",
        "supply": "skyhighheroes:xor/wave_change_<TIMER>"
      }
    ],
    "out": "skyhighheroes:generated/geo_stelar_<VISUALIZER>_lights_<TIMER>"
  },
  "getters": {
    "VISUALIZER": {
      "key": "entity.getData('skyhighheroes:dyn/visualizer_toggle') ? 'down' : entity.getData('skyhighheroes:dyn/stelar_clothes') == 3 ? (entity.getData('skyhighheroes:dyn/hood_toggle') ? 'up_winter_hood' : 'up') : 'up'",
      "values": ["up", "down", "up_winter_hood"]
    },
    "TIMER": {
      "key": "Math.min(Math.max(Math.ceil(80 * entity.getInterpolatedData('skyhighheroes:dyn/wave_changing_timer')), 0), 40) | 0",
      "values": {
        "min": 0,
        "max": 40
      }
    }
  },
  "isDynamic": true
}