{
  "texture": {
    "in": "skyhighheroes:geo/geo_stelar_<VISUALIZER>_<CLOTHING>",
    "transform": [
      {
        "operation": "XOR",
        "supply": "skyhighheroes:xor/wave_change_<TIMER>"
      }
    ],
    "out": "skyhighheroes:generated/geo_stelar_<VISUALIZER>_<CLOTHING>_<TIMER>"
  },
  "getters": {
    "CLOTHING": {
      "key": "entity.getData('skyhighheroes:dyn/stelar_clothes') == 0 ? 'transer' : entity.getData('skyhighheroes:dyn/stelar_clothes') == 1 ? 'short' : entity.getData('skyhighheroes:dyn/stelar_clothes') == 2 ? 'swimsuit' : entity.getData('skyhighheroes:dyn/hood_toggle') ? 'winter_hood_up' : 'winter_hood_down'",
      "values": ["transer", "short", "swimsuit", "winter_hood_up", "winter_hood_down"]
    },
    "VISUALIZER": {
      "key": "entity.getData('skyhighheroes:dyn/visualizer_toggle') ? 'down' : 'up'",
      "values": ["up", "down"]
    },
    "TIMER": {
      "key": "Math.min(Math.max(Math.ceil(80 * entity.getInterpolatedData('skyhighheroes:dyn/wave_changing_timer')), 0), 40) | 0",
      "values": {
        "min": 0,
        "max": 40
      }
    }
  },
  "isDynamic": true
}