{
  "texture": "skyhighheroes:geo/geo_stelar_<VISUALIZER>_<CLOTHING>",
  "getters": {
    "CLOTHING": {
      "key": "entity.getData('skyhighheroes:dyn/stelar_clothes') == 0 ? 'transer' : entity.getData('skyhighheroes:dyn/stelar_clothes') == 1 ? 'short' : entity.getData('skyhighheroes:dyn/stelar_clothes') == 2 ? 'swimsuit' : entity.getData('skyhighheroes:dyn/hood_toggle') ? 'winter_hood_up' : 'winter_hood_down'",
      "values": ["transer", "short", "swimsuit", "winter_hood_up", "winter_hood_down"]
    },
    "VISUALIZER": {
      "key": "entity.getData('skyhighheroes:dyn/visualizer_toggle') ? 'down' : 'up'",
      "values": ["up", "down"]
    }
  }
}