{
  "texture": {
    "in": "skyhighheroes:geo/mega_man_knuckle_right",
    "transform": [
      {
        "operation": "XOR",
        "supply": "skyhighheroes:xor/predation_wave_change_sides_<TIMER>"
      }
    ],
    "out": "skyhighheroes:generated/mega_man_knuckle_right_<TIMER>"
  },
  "getters": {
    "TIMER": {
      "key": "Math.min(Math.max(Math.ceil(28 - (((entity.getData('skyhighheroes:dyn/knuckle')) ? -1 : 1) * 28 * entity.getInterpolatedData('skyhighheroes:dyn/knuckle_timer') + ((entity.getData('skyhighheroes:dyn/knuckle')) ? 28 : 0)) - ((!entity.getHeldItem().isEmpty() ? -1 : 1) * 28 * entity.getInterpolatedData('skyhighheroes:dyn/item_holding_timer') + (!entity.getHeldItem().isEmpty() ? 28 : 0))), ((entity.getData('skyhighheroes:dyn/knuckle') && entity.getHeldItem().isEmpty()) ? 16 : 2)), ((entity.getData('skyhighheroes:dyn/knuckle') && entity.getHeldItem().isEmpty()) ? 28 : 16)) | 0",
      "values": {
        "min": 2,
        "max": 28
      }
    }
  },
  "isDynamic": true
}