{
  "texture": {
    "in": "skyhighheroes:geo/mega_man_subaru_predation_wave_changing_sides_lights",
    "transform": [
      {
        "operation": "XOR",
        "supply": "skyhighheroes:xor/predation_wave_changing_sides_lights_<TIMER>"
      }
    ],
    "out": "skyhighheroes:generated/mega_man_subaru_predation_wave_changing_sides_lights_<TIMER>"
  },
  "getters": {
    "TIMER": {
      "key": "Math.min(Math.max(Math.ceil(28 - ((entity.getData('skyhighheroes:dyn/sword') ? -1 : 1) * 28 * entity.getInterpolatedData('skyhighheroes:dyn/sword_timer') + (entity.getData('skyhighheroes:dyn/sword') ? 28 : 0)) - ((entity.getData('skyhighheroes:dyn/cannon') ? -1 : 1) * 28 * entity.getInterpolatedData('skyhighheroes:dyn/cannon_timer') + (entity.getData('skyhighheroes:dyn/cannon') ? 28 : 0)) - ((entity.getData('skyhighheroes:dyn/knuckle') ? -1 : 1) * 28 * entity.getInterpolatedData('skyhighheroes:dyn/knuckle_timer') + (entity.getData('skyhighheroes:dyn/knuckle') ? 28 : 0)) - ((entity.getData('skyhighheroes:dyn/jet_attack') ? -1 : 1) * 28 * entity.getInterpolatedData('skyhighheroes:dyn/jet_attack_timer') + (entity.getData('skyhighheroes:dyn/jet_attack') ? 28 : 0)) - ((!entity.getHeldItem().isEmpty() ? -1 : 1) * 28 * entity.getInterpolatedData('skyhighheroes:dyn/item_holding_timer') + (!entity.getHeldItem().isEmpty() ? 28 : 0))), 2), 28) | 0",
      "values": {
        "min": 2,
        "max": 28
      }
    }
  },
  "isDynamic": true
}