{
  "texture": {
    "in": "skyhighheroes:geo/mega_man_subaru_sword_blade",
    "transform": [
      {
        "operation": "XOR",
        "supply": "skyhighheroes:xor/sword_blade_<TIMER>"
      }
    ],
    "out": "skyhighheroes:generated/mega_man_subaru_sword_blade_<TIMER>"
  },
  "getters": {
    "TIMER": {
      "key": "Math.min(Math.max(Math.ceil(14 * entity.getInterpolatedData('skyhighheroes:dyn/sword_blade_timer')), 0), 14) | 0",
      "values": {
        "min": 0,
        "max": 14
      }
    }
  },
  "isDynamic": true
}