{
  "texture": {
    "in": "skyhighheroes:geo/mega_man_cannon_front",
    "transform": [
      {
        "operation": "XOR",
        "supply": "skyhighheroes:xor/predation_wave_change_front_<TIMER>"
      }
    ],
    "out": "skyhighheroes:generated/mega_man_cannon_front_<TIMER>"
  },
  "getters": {
    "TIMER": {
      "key": "Math.min(Math.max(Math.ceil(28 - ((entity.getData('skyhighheroes:dyn/cannon') ? -1 : 1) * 28 * entity.getInterpolatedData('skyhighheroes:dyn/cannon_timer') + (entity.getData('skyhighheroes:dyn/cannon') ? 28 : 0)) - ((!entity.getHeldItem().isEmpty() ? -1 : 1) * 28 * entity.getInterpolatedData('skyhighheroes:dyn/item_holding_timer') + (!entity.getHeldItem().isEmpty() ? 28 : 0))), (entity.getData('skyhighheroes:dyn/cannon') && entity.getHeldItem().isEmpty() ? 14 : 0)), (entity.getData('skyhighheroes:dyn/cannon') && entity.getHeldItem().isEmpty() ? 19 : 14)) | 0",
      "values": {
        "min": 0,
        "max": 19
      }
    }
  },
  "isDynamic": true
}