{
  "texture": {
    "in": "skyhighheroes:geo/mega_man_lights",
    "transform": [
      {
        "operation": "XOR",
        "supply": "skyhighheroes:xor/wave_change_<TIMER>"
      }
    ],
    "out": "skyhighheroes:generated/mega_man_lights_<TIMER>"
  },
  "getters": {
    "TIMER": {
      "key": "Math.min(Math.max(Math.ceil(80 * entity.getInterpolatedData('skyhighheroes:dyn/wave_changing_timer')), 40), 80) | 0",
      "values": {
        "min": 40,
        "max": 80
      }
    }
  },
  "isDynamic": true
}