{
  "texture": {
    "in": "skyhighheroes:geo/mega_man_wave_changing_lights",
    "transform": [
      {
        "operation": "XOR",
        "supply": "skyhighheroes:xor/wave_changing_lights_<TIMER>"
      }
    ],
    "out": "skyhighheroes:generated/mega_man_wave_changing_lights_<TIMER>"
  },
  "getters": {
    "TIMER": {
      "key": "Math.ceil(80 * entity.getInterpolatedData('skyhighheroes:dyn/wave_changing_timer')) | 0",
      "values": {
        "min": 0,
        "max": 80
      }
    }
  },
  "isDynamic": true
}