{
  "texture": {
    "in": "skyhighheroes:geo/mega_man_predation_wave_changing_front_lights",
    "transform": [
      {
        "operation": "XOR",
        "supply": "skyhighheroes:xor/predation_wave_changing_front_lights_<TIMER>"
      }
    ],
    "out": "skyhighheroes:generated/mega_man_knuckle_wave_changing_front_lights_<TIMER>"
  },
  "getters": {
    "TIMER": {
      "key": "Math.min(Math.max(Math.ceil(28 - ((entity.getData('skyhighheroes:dyn/knuckle') ? -1 : 1) * 28 * entity.getInterpolatedData('skyhighheroes:dyn/knuckle_timer') + (entity.getData('skyhighheroes:dyn/knuckle') ? 28 : 0)) - ((!entity.getHeldItem().isEmpty() ? -1 : 1) * 28 * entity.getInterpolatedData('skyhighheroes:dyn/item_holding_timer') + (!entity.getHeldItem().isEmpty() ? 28 : 0))), 0), 19) | 0",
      "values": {
        "min": 0,
        "max": 19
      }
    }
  },
  "isDynamic": true
}