{
  "texture": {
    "in": "skyhighheroes:geo/omega_xis_front",
    "transform": [
      {
        "operation": "XOR",
        "supply": "skyhighheroes:xor/em_being_wave_change_front_<TIMER>"
      }
    ],
    "out": "skyhighheroes:generated/omega_xis_front_<TIMER>"
  },
  "getters": {
    "TIMER": {
      "key": "Math.min(Math.max(Math.ceil(28 - ((entity.getData('skyhighheroes:dyn/omega_xis') ? -1 : 1) * 28 * entity.getInterpolatedData('skyhighheroes:dyn/omega_xis_timer') + (entity.getData('skyhighheroes:dyn/omega_xis') ? 28 : 0)) - ((!entity.getHeldItem().isEmpty() ? -1 : 1) * 28 * entity.getInterpolatedData('skyhighheroes:dyn/item_holding_timer') + (!entity.getHeldItem().isEmpty() ? 28 : 0))), (entity.getData('skyhighheroes:dyn/omega_xis') || !entity.getHeldItem().isEmpty() ? 0 : 14)), (entity.getData('skyhighheroes:dyn/omega_xis') || !entity.getHeldItem().isEmpty() ? 14 : 20)) + (entity.as('DISPLAY').getDisplayType() == 'DISPLAY_STAND' ? 5 : 0) + (entity.as('DISPLAY').getDisplayType() == 'HOLOGRAM' ? 5 : 0) + (entity.as('DISPLAY').getDisplayType() == 'ITERATOR_PREVIEW' ? 5 : 0) | 0",
      "values": {
        "min": 0,
        "max": 20
      }
    }
  },
  "isDynamic": true
}