{
  "display": {
    "name": "Comic's Custom Suits",
	"hideUntilAvailable": true,
    "icon": {
      "texture":  "skyhighheroes:textures/items/heroes/comic_head.png"
    }
  },
  "criteria": {
    "exist": {
      "trigger": "fiskheroes:tick",
      "description": {
        "translate": "Exist as ComicEnjoyer"
      },
      "condition": {
        "variables": {
          "player": "PLAYER_TICKING"
          },
        "check": "player.getUUID() == '02761162-3863-410d-ae8c-fede80c6fb27'"
      }
    }
  }
}