{
  "display": {
    "name": "Fire's Custom Suits",
	"hideUntilAvailable": true,
    "icon": {
      "texture":  "skyhighheroes:textures/items/heroes/fire_head.png"
    }
  },
  "criteria": {
    "exist": {
      "trigger": "fiskheroes:tick",
      "description": {
        "translate": "Exist as FireBeastTamer"
      },
      "condition": {
        "variables": {
          "player": "PLAYER_TICKING"
          },
        "check": "player.getUUID() == '87fa6187-4fa6-4dc6-8742-19a2b67c4cc0'"
      }
    }
  }
}