{
  "display": {
    "name": "Minecraft's Custom Suits",
	"hideUntilAvailable": true,
    "icon": {
      "texture":  "skyhighheroes:textures/items/heroes/minecraft_head.png"
    }
  },
  "criteria": {
    "exist": {
      "trigger": "fiskheroes:tick",
      "description": {
        "translate": "Exist as minecraf1"
      },
      "condition": {
        "variables": {
          "player": "PLAYER_TICKING"
          },
        "check": "player.getUUID() == 'f849622f-b7cc-4ff5-8ce1-484f75c1ffa3'"
      }
    }
  }
}