{
  "display": {
    "name": {
      "translate": "Sky High Heroes"
    },
    "icon": {
      "texture":  "skyhighheroes:textures/gui/nodes/base.png"
    }
  },
  "requirements": [],
  "autoUnlock": true,
  "criteria": {
    "shh": {
      "trigger": "fiskheroes:tick",
      "description": {
        "translate": "Thank you for downloading and using Sky High Heroes"
      },
      "condition": {
        "variables": {
          "entity": "PLAYER_TICKING"
        },
        "check": "entity.exists() || !entity.exists()"
      }
    }
  }
}