{
  "suit": "skyhighheroes:geo_stelar",
  "requirements": [
    "skyhighheroes:transers",
    "fiskheroes:tier1"
  ],
  "criteria": {
    "exist": {
      "trigger": "fiskheroes:tick",
      "description": {
        "translate": "Wear a basic transer for 24000 ticks (one Minecraft day)"
      },
      "minSuccessCount": 24000,
      "condition": {
        "variables": {
          "player": "PLAYER_TICKING"
        },
        "check": "player.getWornChestplate().suitType() == 'skyhighheroes:pegasus_transer' || player.getWornChestplate().suitType() == 'skyhighheroes:leo_transer' || player.getWornChestplate().suitType() == 'skyhighheroes:dragon_transer'"
      }
    }
  }
}
