{
  "suit": "skyhighheroes:mega_man",
  "display": {
    "description": {
      "translate": "EM Wave Change! Geo Stelar, On-Air!"
    }
  },
  "requirements": [
    "skyhighheroes:wave_change",
    "skyhighheroes:transers",
    "fiskheroes:tier10",
    "skyhighheroes:geo_stelar"
  ],
  "criteria": {
    "chance": {
      "trigger": "fiskheroes:player_hurt",
      "description": {
        "translate": "Stand in a Plains or Sunflower Plains biome next to a Beach biome as Geo Stelar"
      },
      "condition": {
        "variables": {
          "player": "PLAYER_HURT",
          "damage": "DAMAGE_SOURCE"
        },
        "check": "player.getData('skyhighheroes:dyn/calling_timer') > 0 && damage.hasDamageType('ELEMENT_NONE') && (player.world().getLocation(player.pos()).biome().startsWith('Plains') || player.world().getLocation(player.pos()).biome().startsWith('Sunflower Plains')) && player.getWornChestplate().suitType() == 'skyhighheroes:geo_stelar'"
      }
    }
  }
}