{
  "texture": {
    "in": "skyhighheroes:dark/dark_stelar_normal",
    "transform": [
      {
        "operation": "XOR",
        "supply": "skyhighheroes:xor/stelar_suit_<TIMER>"
      }
    ],
    "out": "skyhighheroes:generated/dark_stelar_normal_<TIMER>"
  },
  "getters": {
    "TIMER": {
      "key": "Math.ceil(81 * entity.getInterpolatedData('skyhighheroes:dyn/wave_changing_timer')) | 0",
      "values": {
        "min": 1,
        "max": 41
      }
    }
  },
  "isDynamic": true
}