{

    "parent" : "skyhighheroes:base_tenma",
    
  "resources": {
      
    "lights" : "skyhighheroes:astro/aidan/aidan_tenma_lights",
      
    "lights_flying" : "skyhighheroes:astro/aidan/aidan_tenma_lights_flying",
	  
	"lights_normal" : "skyhighheroes:astro/aidan/aidan_tenma_lights_normal",
	  
	"lights_normal_flying" : "skyhighheroes:astro/aidan/aidan_tenma_lights_normal_flying",

    "base": "skyhighheroes:astro/aidan/aidan_tenma_base",
      
    "base_flying": "skyhighheroes:astro/aidan/aidan_tenma_base_flying",

	"long" : "skyhighheroes:astro/aidan/aidan_tenma_long",

	"long_flying" : "skyhighheroes:astro/aidan/aidan_tenma_long_flying",
      
    "short" : "skyhighheroes:astro/aidan/aidan_tenma_short",

	"short_flying" : "skyhighheroes:astro/aidan/aidan_tenma_short_flying",
      
    "normal" : "skyhighheroes:astro/aidan/aidan_tenma_normal",

	"normal_flying" : "skyhighheroes:astro/aidan/aidan_tenma_normal_flying",
	  
	"cannon_lights_inner" : "skyhighheroes:astro/aidan/aidan_tenma_cannon_lights_inner"
	 
 	 },
  
    "custom" : {
    "fiskheroes:booster|left1": {
      "applicable": ["BOOTS"],
      "icon": "skyhighheroes:orange_fire_layer1",
      "anchor": "leftLeg",
      "offset": [0.0, 12.0, 0.0],
      "rotation": [0.0, 0.0, 0.0],
      "scale": [1.75, 3.0],
      "opacity": 1.0,
	  "conditionals": ["vars:GLIDING"],
      "mirror": false,
      "data": "fiskheroes:jetpacking_timer"
    },
    "fiskheroes:booster|right1": {
      "applicable": ["BOOTS"],
      "icon": "skyhighheroes:orange_fire_layer1",
      "anchor": "rightLeg",
      "offset": [0.0, 12.0, 0.0],
      "rotation": [0.0, 0.0, 0.0],
      "scale": [1.75, 3.0],
      "opacity": 1.0,
	  "conditionals": ["vars:GLIDING"],
      "mirror": false,
      "data": "fiskheroes:jetpacking_timer"  
    },
    "fiskheroes:booster|left2": {
      "applicable": ["BOOTS"],
      "icon": "skyhighheroes:orange_fire_layer1",
      "anchor": "leftLeg",
      "offset": [0.0, 12.0, 0.0],
      "rotation": [0.0, 0.0, 0.0],
      "scale": [1.75, 3.0],
      "opacity": 1.0,
	  "conditionals": ["vars:GLIDING"],
      "mirror": false,
      "data": "fiskheroes:glide_flying_timer"
    },
    "fiskheroes:booster|right2": {
      "applicable": ["BOOTS"],
      "icon": "skyhighheroes:orange_fire_layer1",
      "anchor": "rightLeg",
      "offset": [0.0, 12.0, 0.0],
      "rotation": [0.0, 0.0, 0.0],
      "scale": [1.75, 3.0],
      "opacity": 1.0,
	  "conditionals": ["vars:GLIDING"],
      "mirror": false,
      "data": "fiskheroes:glide_flying_timer"  
    },
	"fiskheroes:booster|left3": {
      "applicable": ["BOOTS"],
      "icon": "skyhighheroes:orange_fire_layer2",
      "anchor": "leftLeg",
      "offset": [0.0, 12.0, 0.0],
      "rotation": [0.0, 0.0, 0.0],
      "scale": [1.75, 3.0],
      "opacity": 1.0,
	  "conditionals": ["vars:GLIDING"],
      "mirror": false,
      "data": "fiskheroes:jetpacking_timer"
    },
    "fiskheroes:booster|right3": {
      "applicable": ["BOOTS"],
      "icon": "skyhighheroes:orange_fire_layer2",
      "anchor": "rightLeg",
      "offset": [0.0, 12.0, 0.0],
      "rotation": [0.0, 0.0, 0.0],
      "scale": [1.75, 3.0],
      "opacity": 1.0,
	  "conditionals": ["vars:GLIDING"],
      "mirror": false,
      "data": "fiskheroes:jetpacking_timer"  
    },
    "fiskheroes:booster|left4": {
      "applicable": ["BOOTS"],
      "icon": "skyhighheroes:orange_fire_layer2",
      "anchor": "leftLeg",
      "offset": [0.0, 12.0, 0.0],
      "rotation": [0.0, 0.0, 0.0],
      "scale": [1.75, 3.0],
      "opacity": 1.0,
	  "conditionals": ["vars:GLIDING"],
      "mirror": false,
      "data": "fiskheroes:glide_flying_timer"
    },
    "fiskheroes:booster|right4": {
      "applicable": ["BOOTS"],
      "icon": "skyhighheroes:orange_fire_layer2",
      "anchor": "rightLeg",
      "offset": [0.0, 12.0, 0.0],
      "rotation": [0.0, 0.0, 0.0],
      "scale": [1.75, 3.0],
      "opacity": 1.0,
	  "conditionals": ["vars:GLIDING"],
      "mirror": false,
      "data": "fiskheroes:glide_flying_timer"  
    },
    "fiskheroes:energy_bolt": {
      "color": "0xFF8900"
    },
	"fiskheroes:energy_projection": {
      "color": "0xFF8900",
      "anchor": "rightArm",
      "beams": [
        {
          "firstPerson": [-4.5, 3.75, -8.0],
          "offset": [-0.5, 9.0, 0.0],
          "size": [2, 2]
        }
      ],
	  "mirror": true,
      "renderer": "fiskheroes:energy_projection",
      "particleType": "fiskheroes:impact_energy_projection"
    },
	"fiskheroes:trail" : {
	    "type" : "skyhighheroes:aidan_tenma_speed",
	    "conditionals" : ["vars:SPEEDING"]
	},
	"fiskheroes:forcefield": {
      "color": "0xFF8900",
      "rotation": [0.0, 0.0, 0.0],
      "translation": [0.0, 10.0, 0.0],
      "scale": [2.0, 2.0, 2.0],
      "shape": [36, 36],
      "data": "entity.getData('fiskheroes:shield_blocking_timer') * 0.1"
    }
  },
  
    "vars": {
   		"DISPLAY": "entity.isDisplayStand() || entity.getUUID() != 'a3d071d4-c912-41e1-a6b2-c0de99ea4a84'",
        "GLIDING" : "entity.getData('fiskheroes:gliding') && entity.getUUID() == 'a3d071d4-c912-41e1-a6b2-c0de99ea4a84'",
		"SPEEDING": "entity.getData('fiskheroes:speeding') && entity.getUUID() == 'a3d071d4-c912-41e1-a6b2-c0de99ea4a84'",
		"BASE" : "entity.getData('skyhighheroes:dyn/tenma_clothes') == 0 && entity.getUUID() == 'a3d071d4-c912-41e1-a6b2-c0de99ea4a84'",
        "LONG" : "entity.getData('skyhighheroes:dyn/tenma_clothes') == 1 && entity.getUUID() == 'a3d071d4-c912-41e1-a6b2-c0de99ea4a84'",
        "SHORT" : "entity.getData('skyhighheroes:dyn/tenma_clothes') == 2 && entity.getUUID() == 'a3d071d4-c912-41e1-a6b2-c0de99ea4a84'",
        "NORMAL" : "entity.getData('skyhighheroes:dyn/tenma_clothes') == 3 && entity.getUUID() == 'a3d071d4-c912-41e1-a6b2-c0de99ea4a84'"
  }

}