{
    "resources" : {
	    "cannon" : "skyhighheroes:astro/base_tenma_cannon",
        
        "cannon_back" : "skyhighheroes:astro/base_tenma_cannon_back"
    },
    
    "texture": {
	    "vars:DISPLAY" : {
			"true" : "base"
		},
        "vars:NORMAL" : {
            "true" : {
                "vars:GLIDING":{
                    "false" : "normal",
                    "true" : "normal_flying"
                }
            }
        },
        "vars:SHORT" : {
            "true" : {
                "vars:GLIDING":{
                    "false" : "short",
                    "true" : "short_flying"
                }
            }
        },
        "vars:LONG" : {
            "true" : {
                "vars:GLIDING":{
                    "false" : "long",
                    "true" : "long_flying"
                }
            }
        },
        "vars:BASE" : {
            "true" : {
                "vars:GLIDING":{
                    "false" : "base",
                    "true" : "base_flying"
                }
            }
        },
    	"default": "base"
	},
		
  	"showModel": {
    "head": ["HELMET"],
    "headwear": ["HELMET"],
    "body": ["CHESTPLATE"],
    "rightArm": ["CHESTPLATE"],
    "leftArm": ["CHESTPLATE"],
    "rightLeg": ["LEGGINGS", "BOOTS"],
    "leftLeg": ["LEGGINGS", "BOOTS"]
  },
	
	"fixHatLayer": ["HELMET"],
		
	"lights" : {
		"vars:NORMAL" : {
			"true" : {
				"vars:GLIDING" : {
					"true" : "lights_normal_flying",
					"false" : "lights_normal"
				}
			}
		},
        "vars:GLIDING" : {
          "true": "lights_flying"  
        },
		"vars:DISPLAY" : {
		    "true" : "lights"
		},

    	"default": "lights"
	},
	
  "custom": {
	  
    "fiskheroes:shield|cannon1": {

      "applicable": ["CHESTPLATE"],

      "texture": ["cannon", "null"],

      "offset": [1.0, 8.0, 3.0],

      "rotation": [0.0, 90.0, 0.0],

      "curve": [0.0, 0.0],

      "mirror": false,

      "large": true,

      "data": "entity.getInterpolatedData('fiskheroes:aiming_timer')"

    },

    "fiskheroes:shield|cannon2": {

      "applicable": ["CHESTPLATE"],

      "texture": ["cannon", "null"],

      "offset": [1.0, 8.0, -3.0],

      "rotation": [0.0, -90.0, 0.0],

      "curve": [0.0, 0.0],

      "mirror": false,

      "large": true,

      "data": "entity.getInterpolatedData('fiskheroes:aiming_timer')"

    },
	
    "fiskheroes:shield|cannon3": {

      "applicable": ["CHESTPLATE"],

      "texture": ["cannon", "null"],

      "offset": [4.0, 8.0, 0.0],

      "rotation": [0.0, 0.0, 0.0],

      "curve": [0.0, 0.0],

      "mirror": false,

      "large": true,

      "data": "entity.getInterpolatedData('fiskheroes:aiming_timer')"

    },
	
    "fiskheroes:shield|cannon4": {

      "applicable": ["CHESTPLATE"],

      "texture": ["cannon", "null"],

      "offset": [-2.0, 8.0, 0.0],

      "rotation": [0.0, 180.0, 0.0],

      "curve": [0.0, 0.0],

      "mirror": false,

      "large": true,

      "data": "entity.getInterpolatedData('fiskheroes:aiming_timer')"

    },
	
    "fiskheroes:shield|cannon5": {

      "applicable": ["CHESTPLATE"],

      "texture": ["null", "cannon_lights_inner"],

      "offset": [2.0, 13.0, 0.0],

      "rotation": [0.0, 0.0, -90.0],

      "curve": [0.0, 0.0],

      "mirror": false,

      "large": true,

      "data": "entity.getInterpolatedData('fiskheroes:aiming_timer')"

    },
    
    "fiskheroes:shield|cannon6": {

      "applicable": ["CHESTPLATE"],

      "texture": ["cannon_back", "null"],

      "offset": [2.0, 4.0, 0.0],

      "rotation": [0.0, 0.0, -90.0],

      "curve": [0.0, 0.0],

      "mirror": false,

      "large": true,

      "data": "entity.getInterpolatedData('fiskheroes:aiming_timer')"

    }
  },
  "vars": {
        "GLIDING" : "entity.getData('fiskheroes:gliding')",
		"SPEEDING": "entity.getData('fiskheroes:speeding')",
		"BASE" : "entity.getData('skyhighheroes:dyn/tenma_clothes') == 0",
        "LONG" : "entity.getData('skyhighheroes:dyn/tenma_clothes') == 1",
        "SHORT" : "entity.getData('skyhighheroes:dyn/tenma_clothes') == 2",
        "NORMAL" : "entity.getData('skyhighheroes:dyn/tenma_clothes') == 3"
  },
  "animations" : {
    "BLOCKING" : "skyhighheroes:force_field_holding",
    "AIMING" : "fiskheroes:aiming",
    "AIMING_LEFT": "fiskheroes:aiming_left",
    "ENERGY_PROJECTION": "skyhighheroes:astro_aiming"
  },
  "itemIcons": {
    "HELMET": "%s_head",
    "CHESTPLATE": "%s_chest",
    "LEGGINGS": "%s_legs",
    "BOOTS": "%s_feet"
  }
}