{

  "parent": "skyhighheroes:chase_stelar",

  "resources": {

    "base": "skyhighheroes:chase/chase_stelar_iron_man",
      
    "lights" : "skyhighheroes:chase/chase_stelar_iron_man_lights",
	 
	"suit" : "skyhighheroes:chase/chase_stelar_iron_man_suit.tx.json",
      
    "suit_lights" : "skyhighheroes:chase/chase_stelar_iron_man_suit_lights.tx.json",
      
    "cannon_bottom" : "skyhighheroes:chase/chase_stelar_iron_man_bottom_cannon",
	  
	"cannon_left" : "skyhighheroes:chase/chase_stelar_iron_man_left_cannon",
	
	"cannon_right" : "skyhighheroes:chase/chase_stelar_iron_man_right_cannon",
	  
	"cannon_top" : "skyhighheroes:chase/chase_stelar_iron_man_top_cannon",
	
	"cannon_front" : "skyhighheroes:chase/chase_stelar_iron_man_front_cannon"
    
  }

}