{

  "resources": {

    "base": "skyhighheroes:deathstroke_base"
	  
 	 },
  
    "texture": {

    	"default": "base"
		
	},
		
  	"showModel": {

  	  "head": ["HELMET"],

 	   "headwear": ["HELMET"],

 	   "body": ["CHESTPLATE", "LEGGINGS"],

 	   "rightArm": ["CHESTPLATE"],

 	   "leftArm": ["CHESTPLATE"],

 	   "rightLeg": ["LEGGINGS", "BOOTS"],

	    "leftLeg": ["LEGGINGS", "BOOTS"]
		
	  },
  "fixHatLayer": ["HELMET"],		
	
  "itemIcons": {
	"HELMET": "%s_0",
    "CHESTPLATE": "%s_1",
	"LEGGINGS": "%s_2",
	"BOOTS": "%s_3"
  }

}