{
    
    "parent" : "skyhighheroes:base_stelar",

  "resources": {

    "base": "skyhighheroes:fire/fire_stelar",
      
    "lights" : "skyhighheroes:fire/fire_stelar_lights",
	 
	"suit" : "skyhighheroes:fire/fire_stelar_suit.tx.json",
	  
	"suit_lights" : "skyhighheroes:fire/fire_stelar_suit_lights.tx.json",

	"visualizer_up" : "skyhighheroes:fire/fire_stelar_up_transer",
      
    "visualizer_down": "skyhighheroes:fire/fire_stelar_down_transer",
      
    "visualizer_up_short" : "skyhighheroes:fire/fire_stelar_up_short",
      
    "visualizer_down_short": "skyhighheroes:fire/fire_stelar_down_short",
      
    "visualizer_up_swimsuit" : "skyhighheroes:fire/fire_stelar_up_swimsuit",
      
    "visualizer_down_swimsuit": "skyhighheroes:fire/fire_stelar_down_swimsuit",
      
    "visualizer_up_normal" : "skyhighheroes:fire/fire_stelar_up_normal",
      
    "visualizer_down_normal": "skyhighheroes:fire/fire_stelar_down_normal",
      
    "visualizer_up_lights" : "skyhighheroes:fire/fire_stelar_up_lights",
      
    "visualizer_down_lights": "skyhighheroes:fire/fire_stelar_down_lights",
	  
	"cannon_bottom" : "skyhighheroes:fire/fire_stelar_bottom_cannon",
	  
	"cannon_left" : "skyhighheroes:fire/fire_stelar_left_cannon",
	
	"cannon_right" : "skyhighheroes:fire/fire_stelar_right_cannon",
	  
	"cannon_top" : "skyhighheroes:fire/fire_stelar_top_cannon",
	
	"cannon_front" : "skyhighheroes:fire/fire_stelar_front_cannon",
    
    "cannon_left_lights" : "skyhighheroes:omega_xis_left_eyes",
      
    "cannon_right_lights" : "skyhighheroes:omega_xis_right_eyes",
      
    "transertx" : "skyhighheroes:fire/fire_stelar_transer.tx.json",
      
    "shorttx" : "skyhighheroes:fire/fire_stelar_short.tx.json",
      
    "swimsuittx" : "skyhighheroes:fire/fire_stelar_swimsuit.tx.json",
      
    "normaltx" : "skyhighheroes:fire/fire_stelar_normal.tx.json",
      
    "transer" : "skyhighheroes:stelar_transer_pegasus",
      
    "transer_lights" : "skyhighheroes:stelar_transer_lights",
      
    "blade" : "skyhighheroes:fire/fire_stelar_blade"
	
 	 },
	
  "custom": {

    "fiskheroes:energy_bolt": {
      "color": "0xFF0000"
    },
	"fiskheroes:beam|headRightStart": {
      "applicable": ["CHESTPLATE"],
      "color": "0x0000FF",
      "anchor": "head",
      "offset": [0.0, 0.0, 0.0],
      "rotation": [0.0, 0.0, 0.0],
      "componentBeams": [
        {
          "direction": [0.0, -9.0, 0.0],
          "beam": {
            "offset": [2.0, 0.5, -2.0],
            "size": [4.6875, 4.6875]
          }
        },
		{
          "direction": [0.0, -9.0, 0.0],
          "beam": {
            "offset": [2.0, 0.5, 2.0],
            "size": [4.6875, 4.6875]
          }
        }
      ],
      "mirror": false,
      "renderer": "skyhighheroes:wave_glow",
      "length": "Math.min(Math.max(((81/16) * entity.getInterpolatedData('skyhighheroes:dyn/wave_changing_timer') - (32/32)), 0.0), 1.0)",
      "conditionals": ["vars:ANIM_FULL"]
    },
	"fiskheroes:beam|headLeftStart": {
      "applicable": ["CHESTPLATE"],
      "color": "0xFF0000",
      "anchor": "head",
      "offset": [0.0, 0.0, 0.0],
      "rotation": [0.0, 0.0, 0.0],
      "componentBeams": [
        {
          "direction": [0.0, -9.0, 0.0],
          "beam": {
            "offset": [-2.0, 0.5, -2.0],
            "size": [4.6875, 4.6875]
          }
        },
		{
          "direction": [0.0, -9.0, 0.0],
          "beam": {
            "offset": [-2.0, 0.5, 2.0],
            "size": [4.6875, 4.6875]
          }
        }
      ],
      "mirror": false,
      "renderer": "skyhighheroes:wave_glow",
      "length": "Math.min(Math.max(((81/16) * entity.getInterpolatedData('skyhighheroes:dyn/wave_changing_timer') - (32/32)), 0.0), 1.0)",
      "conditionals": ["vars:ANIM_FULL"]
    },
    "fiskheroes:beam|bodyRightStart": {
      "applicable": ["CHESTPLATE"],
      "color": "0xFF0000",
      "anchor": "body",
      "offset": [0.0, 0.0, 0.0],
      "rotation": [180.0, 0.0, 0.0],
      "componentBeams": [
        {
          "direction": [0.0, -12.0, 0.0],
          "beam": {
            "offset": [-2.0, 0.0, 0.0],
            "size": [4.6875, 4.6875]
          }
        }
      ],
      "mirror": false,
      "renderer": "skyhighheroes:wave_glow",
      "length": "Math.min(Math.max(((81/13) * entity.getInterpolatedData('skyhighheroes:dyn/wave_changing_timer') - (26/26)), 0.0), 1.0)",
      "conditionals": ["vars:ANIM_FULL"]
    },
	"fiskheroes:beam|bodyLeftStart": {
      "applicable": ["CHESTPLATE"],
      "color": "0x0000FF",
      "anchor": "body",
      "offset": [0.0, 0.0, 0.0],
      "rotation": [180.0, 0.0, 0.0],
      "componentBeams": [
        {
          "direction": [0.0, -12.0, 0.0],
          "beam": {
            "offset": [2.0, 0.0, 0.0],
            "size": [4.6875, 4.6875]
          }
        }
      ],
      "mirror": false,
      "renderer": "skyhighheroes:wave_glow",
      "length": "Math.min(Math.max(((81/13) * entity.getInterpolatedData('skyhighheroes:dyn/wave_changing_timer') - (26/26)), 0.0), 1.0)",
      "conditionals": ["vars:ANIM_FULL"]
    },
	"fiskheroes:beam|armsStart": {
      "applicable": ["CHESTPLATE"],
      "color": "0xFF0000",
      "anchor": "rightArm",
      "offset": [0.0, -1.0, 0.0],
      "rotation": [0.0, 0.0, 0.0],
      "componentBeams": [
        {
          "direction": [0.0, 13.0, 0.0],
          "beam": {
            "offset": [-1.0, -2.0, 0.0],
            "size": [4.6875, 4.6875]
          }
        }
      ],
      "mirror": false,
      "renderer": "skyhighheroes:wave_glow",
      "length": "1",
      "conditionals": ["vars:TRANSFORMED"]
    },
    "fiskheroes:beam|armRightStart": {
      "applicable": ["CHESTPLATE"],
      "color": "0xFF0000",
      "anchor": "rightArm",
      "offset": [0.0, 13.0, 0.0],
      "rotation": [0.0, 0.0, 0.0],
      "componentBeams": [
        {
          "direction": [0.0, -13.0, 0.0],
          "beam": {
            "offset": [-1.0, -2.0, 0.0],
            "size": [4.6875, 4.6875]
          }
        }
      ],
      "mirror": false,
      "renderer": "skyhighheroes:wave_glow",
      "length": "Math.min(Math.max(((81/16) * entity.getInterpolatedData('skyhighheroes:dyn/wave_changing_timer') - (2/32)), 0.0), 1.0)",
      "conditionals": ["vars:ANIM"]
    },
    "fiskheroes:beam|armLeftStart": {
      "applicable": ["CHESTPLATE"],
      "color": "0x0000FF",
      "anchor": "leftArm",
      "offset": [0.0, -1.0, 0.0],
      "rotation": [0.0, 0.0, 0.0],
      "componentBeams": [
        {
          "direction": [0.0, 13.0, 0.0],
          "beam": {
            "offset": [1.0, -2.0, 0.0],
            "size": [4.6875, 4.6875]
          }
        }
      ],
      "mirror": false,
      "renderer": "skyhighheroes:wave_glow",
      "length": "Math.min(Math.max(((81/16) * entity.getInterpolatedData('skyhighheroes:dyn/wave_changing_timer') - (36/32)), 0.0), 1.0)",
      "conditionals": ["vars:ANIM_FULL"]
    },
    "fiskheroes:beam|rightLegStart": {
      "applicable": ["CHESTPLATE"],
      "color": "0xFF0000",
      "anchor": "rightLeg",
      "offset": [0.0, 0.0, 0.0],
      "rotation": [0.0, 0.0, 0.0],
      "componentBeams": [
        {
          "direction": [0.0, 12.25, 0.0],
          "beam": {
            "offset": [0.0, 0.0, 0.0],
            "size": [4.6875, 4.6875]
          }
        }
      ],
      "mirror": false,
      "renderer": "skyhighheroes:wave_glow",
      "length": "Math.min(Math.max(((81/16) * entity.getInterpolatedData('skyhighheroes:dyn/wave_changing_timer') - (50/32)), 0.0), 1.0)",
      "conditionals": ["vars:ANIM_FULL"]
    },
	"fiskheroes:beam|leftLegStart": {
      "applicable": ["CHESTPLATE"],
      "color": "0x0000FF",
      "anchor": "leftLeg",
      "offset": [0.0, 0.0, 0.0],
      "rotation": [0.0, 0.0, 0.0],
      "componentBeams": [
        {
          "direction": [0.0, 12.25, 0.0],
          "beam": {
            "offset": [0.0, 0.0, 0.0],
            "size": [4.6875, 4.6875]
          }
        }
      ],
      "mirror": false,
      "renderer": "skyhighheroes:wave_glow",
      "length": "Math.min(Math.max(((81/16) * entity.getInterpolatedData('skyhighheroes:dyn/wave_changing_timer') - (50/32)), 0.0), 1.0)",
      "conditionals": ["vars:ANIM_FULL"]
    },
	"fiskheroes:beam|omegaXisLeft": {
      "applicable": ["CHESTPLATE"],
      "color": "0x0000FF",
      "anchor": "rightArm",
      "offset": [0.0, 14.0, 0.0],
      "rotation": [0.0, 0.0, 0.0],
      "componentBeams": [
        {
          "direction": [0.0, 9.0, 0.0],
          "beam": {
			"firstPerson": [-1.0, -1000000.0, 0.0],
            "offset": [-3.0, -10.5, -2.0],
            "size": [3.0, 3.0]
          }
        },
		{
          "direction": [0.0, 9.0, 0.0],
          "beam": {
			"firstPerson": [-1.0, -1000000.0, 0.0],
            "offset": [1.0, -10.5, -2.0],
            "size": [3.0, 3.0]
          }
        },
		{
          "direction": [0.0, 9.0, 0.0],
          "beam": {
			"firstPerson": [-3.6875, -10.5, -2.6875],
            "offset": [0.0, -1000000.0, 0.0],
            "size": [3.875, 3.875]
          }
        },
		{
          "direction": [0.0, 9.0, 0.0],
          "beam": {
			"firstPerson": [1.6875, -10.5, -2.6875],
            "offset": [0.0, -1000000.0, 0.0],
            "size": [3.875, 3.875]
          }
        },
		{
          "direction": [0.5, 4.0, 0.0],
          "beam": {
			"firstPerson": [-1.0, -12.5, 0.0],
            "offset": [-6.0, -10.3, -3.0],
            "size": [1.0, 1.0]
          }
        },
		{
          "direction": [0.5, 7.0, 0.0],
          "beam": {
			"firstPerson": [-1.0, -12.5, 0.0],
            "offset": [-5.0, -10.4, -3.0],
            "size": [1.0, 1.0]
          }
        },
		{
          "direction": [1.5, 0.0, 0.0],
          "beam": {
			"firstPerson": [-1.0, -12.5, 0.0],
            "offset": [1.5, -2.25, -2.5],
            "size": [0.5, 0.5]
          }
        }
      ],
      "mirror": false,
      "renderer": "skyhighheroes:wave_glow",
      "length": "(2.5 * (entity.getInterpolatedData('skyhighheroes:dyn/wave_changing_timer') - 0.6)) - (!entity.getHeldItem().isEmpty() || entity.getData('skyhighheroes:dyn/battle_card') == 2 || entity.getData('fiskheroes:teleport_timer') > 0.0 ? 1.0 : 0.0)",
      "conditionals": ["vars:ANIM_FULL"]
    },
	"fiskheroes:beam|omegaXisRight": {
      "applicable": ["CHESTPLATE"],
      "color": "0xFF0000",
      "anchor": "rightArm",
      "offset": [0.0, 14.0, 0.0],
      "rotation": [0.0, 0.0, 0.0],
      "componentBeams": [
        {
          "direction": [0.0, 9.0, 0.0],
          "beam": {
			"firstPerson": [-1.0, -1000000.0, 0.0],
            "offset": [-3.0, -10.5, 2.0],
            "size": [3.0, 3.0]
          }
        },
		{
          "direction": [0.0, 9.0, 0.0],
          "beam": {
			"firstPerson": [-1.0, -1000000.0, 0.0],
            "offset": [1.0, -10.5, 2.0],
            "size": [3.0, 3.0]
          }
        },
		{
          "direction": [0.0, 9.0, 0.0],
          "beam": {
			"firstPerson": [-3.6875, -10.5, 2.6875],
            "offset": [0.0, -1000000.0, 0.0],
            "size": [3.875, 3.875]
          }
        },
		{
          "direction": [0.0, 9.0, 0.0],
          "beam": {
			"firstPerson": [1.6875, -10.5, 2.6875],
            "offset": [0.0, -1000000.0, 0.0],
            "size": [3.875, 3.875]
          }
        },
		{
          "direction": [0.5, 4.0, 0.0],
          "beam": {
			"firstPerson": [-1.0, -12.5, 0.0],
            "offset": [-6.0, -10.3, 3.0],
            "size": [1.0, 1.0]
          }
        },
		{
          "direction": [0.5, 7.0, 0.0],
          "beam": {
			"firstPerson": [-1.0, -12.5, 0.0],
            "offset": [-5.0, -10.4, 3.0],
            "size": [1.0, 1.0]
          }
        },
		{
          "direction": [1.5, 0.0, 0.0],
          "beam": {
			"firstPerson": [-1.0, -12.5, 0.0],
            "offset": [1.5, -2.25, 2.5],
            "size": [0.5, 0.5]
          }
        }
      ],
      "mirror": false,
      "renderer": "skyhighheroes:wave_glow",
      "length": "(2.5 * (entity.getInterpolatedData('skyhighheroes:dyn/wave_changing_timer') - 0.6)) - (!entity.getHeldItem().isEmpty() || entity.getData('skyhighheroes:dyn/battle_card') == 2 || entity.getData('fiskheroes:teleport_timer') > 0.0 ? 1.0 : 0.0)",
      "conditionals": ["vars:ANIM_FULL"]
    },
		"fiskheroes:trail" : {
			"type" : "skyhighheroes:fire_stelar_flight",
			"conditionals" : ["vars:GLIDING"]
		},
    "fiskheroes:forcefield": {
      "color": "0xFF0000",
      "rotation": [0.0, 0.0, 0.0],
      "translation": [0.0, 10.0, 0.0],
      "scale": [2.0, 2.0, 2.0],
      "shape": [36, 36],
      "data": "entity.getData('fiskheroes:shield_blocking_timer') * 0.1"
    }
		
  },
  
    "vars": {
   		"DISPLAY": "entity.isDisplayStand() || entity.getUUID() != '87fa6187-4fa6-4dc6-8742-19a2b67c4cc0'"
  },
	
  "itemIcons": {
    "CHESTPLATE": "pegasus_transer"
  }

}