{

  "parent": "skyhighheroes:geo_stelar",

  "resources": {

    "base": "skyhighheroes:geo/subaru/geo_stelar_subaru",
    
    "lights" : "skyhighheroes:geo/subaru/geo_stelar_subaru_lights",
	 
	"suit" : "skyhighheroes:geo/subaru/geo_stelar_subaru_suit.tx.json",
	  
	"suit_lights" : "skyhighheroes:geo/subaru/geo_stelar_subaru_suit_lights.tx.json",
	  
	"cannon_bottom" : "skyhighheroes:geo/subaru/geo_stelar_subaru_bottom_cannon",
	  
	"cannon_left" : "skyhighheroes:geo/subaru/geo_stelar_subaru_left_cannon",
	
	"cannon_right" : "skyhighheroes:geo/subaru/geo_stelar_subaru_right_cannon",
	  
	"cannon_top" : "skyhighheroes:geo/subaru/geo_stelar_subaru_top_cannon",
	
	"cannon_front" : "skyhighheroes:geo/subaru/geo_stelar_subaru_front_cannon",
    
    "cannon_left_lights" : "skyhighheroes:geo/subaru/omega_xis_subaru_left_eyes",
      
    "cannon_right_lights" : "skyhighheroes:geo/subaru/omega_xis_subaru_right_eyes",
      
    "blade" : "skyhighheroes:geo/subaru/geo_stelar_subaru_blade"
  },
  
  "custom" : {
        
    "fiskheroes:energy_bolt": {
      "color": "0x39D6BD"
    },
	"fiskheroes:beam|headStart": {
      "applicable": ["CHESTPLATE"],
      "color": "0x39D6BD",
      "anchor": "head",
      "offset": [0.0, 0.0, 0.0],
      "rotation": [0.0, 0.0, 0.0],
      "componentBeams": [
        {
          "direction": [0.0, -9.0, 0.0],
          "beam": {
            "offset": [0.0, 0.5, 0.0],
            "size": [10.0, 10.0]
          }
        }
      ],
      "mirror": false,
      "renderer": "skyhighheroes:wave_glow",
      "length": "Math.min(Math.max(((81/16) * entity.getInterpolatedData('skyhighheroes:dyn/wave_changing_timer') - (32/32)), 0.0), 1.0)",
      "conditionals": ["vars:ANIM_FULL"]
    },
    "fiskheroes:beam|bodyStart": {
      "applicable": ["CHESTPLATE"],
      "color": "0x39D6BD",
      "anchor": "body",
      "offset": [0.0, 0.0, 0.0],
      "rotation": [180.0, 0.0, 0.0],
      "componentBeams": [
        {
          "direction": [0.0, -12.0, 0.0],
          "beam": {
            "offset": [0.0, 0.0, 0.0],
            "size": [7.0, 8.0]
          }
        }
      ],
      "mirror": false,
      "renderer": "skyhighheroes:wave_glow",
      "length": "Math.min(Math.max(((81/13) * entity.getInterpolatedData('skyhighheroes:dyn/wave_changing_timer') - (26/26)), 0.0), 1.0)",
      "conditionals": ["vars:ANIM_FULL"]
    },
	"fiskheroes:beam|armsStart": {
      "applicable": ["CHESTPLATE"],
      "color": "0x39D6BD",
      "anchor": "rightArm",
      "offset": [0.0, -1.0, 0.0],
      "rotation": [0.0, 0.0, 0.0],
      "componentBeams": [
        {
          "direction": [0.0, 13.0, 0.0],
          "beam": {
            "offset": [-1.0, -2.0, 0.0],
            "size": [4.75, 4.75]
          }
        }
      ],
      "mirror": false,
      "renderer": "skyhighheroes:wave_glow",
      "length": "1",
      "conditionals": ["vars:TRANSFORMED"]
    },
    "fiskheroes:beam|armRightStart": {
      "applicable": ["CHESTPLATE"],
      "color": "0x39D6BD",
      "anchor": "rightArm",
      "offset": [0.0, 13.0, 0.0],
      "rotation": [0.0, 0.0, 0.0],
      "componentBeams": [
        {
          "direction": [0.0, -13.0, 0.0],
          "beam": {
            "offset": [-1.0, -2.0, 0.0],
            "size": [4.75, 4.75]
          }
        }
      ],
      "mirror": false,
      "renderer": "skyhighheroes:wave_glow",
      "length": "Math.min(Math.max(((81/16) * entity.getInterpolatedData('skyhighheroes:dyn/wave_changing_timer') - (2/32)), 0.0), 1.0)",
      "conditionals": ["vars:ANIM"]
    },
    "fiskheroes:beam|armLeftStart": {
      "applicable": ["CHESTPLATE"],
      "color": "0x39D6BD",
      "anchor": "leftArm",
      "offset": [0.0, -1.0, 0.0],
      "rotation": [0.0, 0.0, 0.0],
      "componentBeams": [
        {
          "direction": [0.0, 13.0, 0.0],
          "beam": {
            "offset": [1.0, -2.0, 0.0],
            "size": [4.75, 4.75]
          }
        }
      ],
      "mirror": false,
      "renderer": "skyhighheroes:wave_glow",
      "length": "Math.min(Math.max(((81/16) * entity.getInterpolatedData('skyhighheroes:dyn/wave_changing_timer') - (36/32)), 0.0), 1.0)",
      "conditionals": ["vars:ANIM_FULL"]
    },
    "fiskheroes:beam|legsStart": {
      "applicable": ["CHESTPLATE"],
      "color": "0x39D6BD",
      "anchor": "rightLeg",
      "offset": [0.0, 0.0, 0.0],
      "rotation": [0.0, 0.0, 0.0],
      "componentBeams": [
        {
          "direction": [0.0, 12.25, 0.0],
          "beam": {
            "offset": [0.0, 0.0, 0.0],
            "size": [4.75, 4.75]
          }
        }
      ],
      "mirror": true,
      "renderer": "skyhighheroes:wave_glow",
      "length": "Math.min(Math.max(((81/16) * entity.getInterpolatedData('skyhighheroes:dyn/wave_changing_timer') - (50/32)), 0.0), 1.0)",
      "conditionals": ["vars:ANIM_FULL"]
    },
	"fiskheroes:beam|omegaXis": {
      "applicable": ["CHESTPLATE"],
      "color": "0x39D6BD",
      "anchor": "rightArm",
      "offset": [0.0, 14.0, 0.0],
      "rotation": [0.0, 0.0, 0.0],
      "componentBeams": [
        {
          "direction": [0.0, 9.0, 0.0],
          "beam": {
			"firstPerson": [-1.0, -1000000.0, 0.0],
            "offset": [-1.0, -10.5, 0.0],
            "size": [6.0, 6.0]
          }
        },
		{
          "direction": [0.0, 9.0, 0.0],
          "beam": {
            "firstPerson": [-1.0, -10.5, 0.0],
            "offset": [-1.0, -1000000.0, 0.0],
            "size": [9.0, 9.0]
          }
        },
		{
          "direction": [0.5, 4.0, 0.0],
          "beam": {
			"firstPerson": [-1.0, -12.5, 0.0],
            "offset": [-6.0, -10.3, -3.0],
            "size": [1.0, 1.0]
          }
        },
		{
          "direction": [0.5, 4.0, 0.0],
          "beam": {
			"firstPerson": [-1.0, -12.5, 0.0],
            "offset": [-6.0, -10.3, 3.0],
            "size": [1.0, 1.0]
          }
        },
		{
          "direction": [0.5, 7.0, 0.0],
          "beam": {
			"firstPerson": [-1.0, -12.5, 0.0],
            "offset": [-5.0, -10.4, -3.0],
            "size": [1.0, 1.0]
          }
        },
		{
          "direction": [0.5, 7.0, 0.0],
          "beam": {
			"firstPerson": [-1.0, -12.5, 0.0],
            "offset": [-5.0, -10.4, 3.0],
            "size": [1.0, 1.0]
          }
        },
		{
          "direction": [1.5, 0.0, 0.0],
          "beam": {
			"firstPerson": [-1.0, -12.5, 0.0],
            "offset": [1.5, -2.25, -2.5],
            "size": [0.5, 0.5]
          }
        },
		{
          "direction": [1.5, 0.0, 0.0],
          "beam": {
			"firstPerson": [-1.0, -12.5, 0.0],
            "offset": [1.5, -2.25, 2.5],
            "size": [0.5, 0.5]
          }
        }
      ],
      "mirror": false,
      "renderer": "skyhighheroes:wave_glow",
      "length": "(2.5 * (entity.getInterpolatedData('skyhighheroes:dyn/wave_changing_timer') - 0.6)) - (!entity.getHeldItem().isEmpty() || entity.getData('skyhighheroes:dyn/battle_card') == 2)",
      "conditionals": ["vars:ANIM_FULL"]
    },
	"fiskheroes:trail" : {
		"type" : "skyhighheroes:geo_stelar_subaru_flight",
		"conditionals" : ["vars:GLIDING"]
	},
    "fiskheroes:forcefield": {
      "color": "0x39D6BD",
      "rotation": [0.0, 0.0, 0.0],
      "translation": [0.0, 10.0, 0.0],
      "scale": [2.0, 2.0, 2.0],
      "shape": [36, 36],
      "data": "entity.getData('fiskheroes:shield_blocking_timer') * 0.1"
    }
  }

}