{

  "resources": {

    "base": "skyhighheroes:guyver_base",
	 
	"suit" : "skyhighheroes:guyver_suit.tx.json",

	"growths" : "skyhighheroes:guyver_growths",
	  
	"blade_lights" : "skyhighheroes:guyver_blade"
	  
 	 },
  
    "texture": {
		
		"vars:DISPLAY" : {
			"false" : {
				"vars:OPEN" : {
					"true" : "growths"
				},
				"vars:ANIM": {
					"true": "suit"
				}
			}
		},

    "default": "base"
	},
		
  	"showModel": {

  	  "head": ["CHESTPLATE"],

 	   "headwear": ["CHESTPLATE"],

 	   "body": ["CHESTPLATE"],

 	   "rightArm": ["CHESTPLATE"],

 	   "leftArm": ["CHESTPLATE"],

 	   "rightLeg": ["CHESTPLATE"],

	    "leftLeg": ["CHESTPLATE"]
	  },
  "fixHatLayer" : ["CHESTPLATE"],	
	
  "custom": {

		
    "fiskheroes:shield|blade": {

      "applicable": ["CHESTPLATE"],

      "texture": ["null", "blade_lights"],

      "offset": [9.0, -2.0, 0.0],

      "rotation": [0.0, -90.0, 0.0],

      "curve": [0.0, 0.0],

      "mirror": true,

      "large": true,

      "data": "fiskheroes:blade_timer"

    },

	

		"fiskheroes:heat_vision": {
			"color" : "0xFFFFFF",
			"useHands" : false,
			"beams" : [
				{
					"offset" : [-2.0, -2.0],
					"size" : [2.0, 2.0]
				},
				{
					"offset" : [2.0, -2.0],
					"size" : [2.0, 2.0]
				}
			]
		}
		
  },
  
    "vars": {
    	"ANIM": "entity.getData('fiskheroes:transform_timer') < 1",
    	"OPEN": "entity.getData('fiskheroes:transform_timer') == 0",
   		"DISPLAY": "entity.isDisplayStand()"
  },
	
  "itemIcons": {
    "CHESTPLATE": "guyver_1"
  }

}