{

  "resources": {

    "devil": "skyhighheroes:lucifer_base",
	  
	"devil_lights" : "skyhighheroes:lucifer_base_lights",
	  
	"suit" : "skyhighheroes:lucifer_suit.tx.json",
	  
	"blade" : "skyhighheroes:lucifer_blade",
	  
	"blade_lights" : "skyhighheroes:lucifer_blade_lights",
	  
	"wings" : "skyhighheroes:lucifer_wings",
	  
	"tux" : "skyhighheroes:lucifer_tux"
	  
 	 },
  
    "texture": {
		
		"vars:DISPLAY" : {
			"false" : {
				"vars:OPEN" : {
					"true" : "tux"
					},
				"vars:ANIM": {
					"true": "suit"
				}
			},
			"true" : "devil"
		},		
		
		"default": "devil"
		},
    		
  	"showModel": {

  	  "head": ["HELMET"],

 	   "headwear": ["HELMET"],

 	   "body": ["CHESTPLATE", "LEGGINGS"],

 	   "rightArm": ["CHESTPLATE"],

 	   "leftArm": ["CHESTPLATE"],

 	   "rightLeg": ["LEGGINGS", "BOOTS"],

	    "leftLeg": ["LEGGINGS", "BOOTS"]
		
	  },
	"fixHatLayer": ["HELMET"],
	
	"lights" : {
		
		"vars:DISPLAY" : {
			"true" : "devil_lights"
		},
		
		"vars:TRANSFORMED" : {
			"false": "null"
		},
		"default" : "devil_lights"
		},
		
	
  "custom": {
		
    "fiskheroes:shield|blade": {

      "applicable": ["CHESTPLATE"],

      "texture": ["blade", "blade_lights"],

      "offset": [1.0, 8.5, -8.5],

      "rotation": [90.0, 0.0, 0.0],

      "curve": [0.0, 0.0],

      "mirror": false,

      "large": true,

      "data": "fiskheroes:blade_timer"

    },
	
    "fiskheroes:arm_animation": {

      "dataSwordPose": "fiskheroes:blade_timer"

    },
	  
	"fiskheroes:wings": {
      "applicable": ["CHESTPLATE"],
      "texture": "wings",
      "dataWings": "fiskheroes:wing_animation_timer",
      "dataShield": "fiskheroes:shield_blocking_timer"
    },
	
    "fiskheroes:heat_vision": {
      "color": "0xFF0000",
      "beams": [
        {
          "offset": [-2.2, 3.3],
          "size": [1.0, 1.0]
        },
        {
          "offset": [2.2, 3.3],
          "size": [1.0, 1.0]
        }
      ]
    }
		
  },
  
    "vars": {
    	"ANIM": "entity.getData('fiskheroes:transform_timer') < 1",
    	"OPEN": "entity.getData('fiskheroes:transform_timer') == 0",
   		"DISPLAY": "entity.isDisplayStand()",
		"TRANSFORMED" : "entity.getData('fiskheroes:transformed')",
		"GLIDING" : "entity.getData('fiskheroes:glide_flying_timer') == 1",
		"SHIELD_BLOCKING" : "entity.getData('fiskheroes:shield_blocking')"
  },
	
  "itemIcons": {
    "HELMET": "lucifer_0",
    "CHESTPLATE": "lucifer_1",
    "LEGGINGS": "lucifer_2",
    "BOOTS": "lucifer_3"
  }

}