{

  "parent": "skyhighheroes:sym_stelar",

  "resources": {

    "base": "skyhighheroes:sym/sym_stelar_blue_beetle",
      
    "lights" : "skyhighheroes:sym/sym_stelar_blue_beetle_lights",
	 
	"suit" : "skyhighheroes:sym/sym_stelar_blue_beetle_suit.tx.json",
      
    "suit_lights" : "skyhighheroes:sym/sym_stelar_blue_beetle_suit_lights.tx.json",
      
    "cannon_bottom" : "skyhighheroes:sym/sym_stelar_blue_beetle_bottom_cannon",
	  
	"cannon_left" : "skyhighheroes:sym/sym_stelar_blue_beetle_left_cannon",
	
	"cannon_right" : "skyhighheroes:sym/sym_stelar_blue_beetle_right_cannon",
	  
	"cannon_top" : "skyhighheroes:sym/sym_stelar_blue_beetle_top_cannon",
	
	"cannon_front" : "skyhighheroes:sym/sym_stelar_blue_beetle_front_cannon"
    
  }

}