{

  "name": "Sky High Heroes",
  "domain": "skyhighheroes",
  "packFormat": 1,
  "watermark": "\u00A73\u00A7lS\u00A76\u00A7lH\u00A71\u00A7lC\u00A7r",
  "description": "Created by aidanangrybird",
  "dataVars": {
    "wave_changing_timer": "FLOAT",
    "wave_changed": "BOOLEAN",
    "battle_card": "BYTE",
    "visualizer": "BYTE",
    "stelar_clothes": "BYTE",
    "tenma_clothes": "BYTE"
  },
  "sounds": {
    "download": {
      "repository": "aidanpab/skyhighheroes",
      "version": 0
    },
    "range": {
      "wave_footstep": { "distance": 16.0, "sendToAll": true },
      "wave_flying_loop": 32.0,
      "wave_flying_start": 32.0,
      "wave_shooting": 16.0,
      "wave_teleport": 24.0,
      "wave_transform": 16.0,
      "tenma_flying_start": { "distance": 32.0, "sendToAll": true },
      "tenma_flying": 32.0,
      "tenma_flying": 24.0
    }
  },
  "alts" : {
  	"skyhighheroes:geo_stelar" : {
		"subaru" : "\u00A74Subaru Style\u00A7r"
	},
	"skyhighheroes:guyver" : {
		"1" : "Guyver I",
		"2" : "Guyver II",
		"3" : "Guyver III"
	},
    "skyhighheroes:aidan_stelar" : {
		"gundam" : "\u00A76RX-0 Unicorn Gundam Style\u00A7r"
	},
	"skyhighheroes:boom_stelar" : {
		"martian_manhunter_comics" : "\u00A75Martian Manhunter (Comics) Style\u00A7r"
	},
    "skyhighheroes:chase_stelar" : {
		"iron_man" : "\u00A72Iron Man Mark 50 Style\u00A7r"
	},
    "skyhighheroes:comic_stelar" : {
		"flash" : "\u00A71The Flash Style\u00A7r"
	},
    "skyhighheroes:dark_stelar" : {
		"batman" : "\u00A78Batman Who Laughs Style\u00A7r"
	},
	"skyhighheroes:expo_stelar" : {
		"mysterio" : "\u00A72Mysterio Style\u00A7r"
	},
    "skyhighheroes:fire_stelar" : {
		"firestorm" : "\u00A74Fire\u00A71storm \u00A74Jax \u00A71Style\u00A7r"
	},
	"skyhighheroes:minecraft_stelar" : {
		"deadpool" : "\u00A71Deadpool Style\u00A7r"
	},
	"skyhighheroes:slayer_stelar" : {
		"black_panther" : "\u00A7eBlack Panther Style\u00A7r"
	},
	"skyhighheroes:storm_stelar" : {
		"iron_man" : "\u00A74Iron Man Mark 85 Style\u00A7r"
	},
    "skyhighheroes:sym_stelar" : {
		"blue_beetle" : "\u00A73Blue Beetle Style\u00A7r"
	},
    "skyhighheroes:tobi_stelar" : {
		"reverse_flash" : "\u00A77Reverse Flash (Earth X) Style\u00A7r"
	},
	"skyhighheroes:tysen_stelar" : {
		"martian_manhunter" : "\u00A75Martian Manhunter Style\u00A7r"
	},
	"wave:starforce" : {
		"angeal" : "Black Lightning Style (Xuwt)"
	},
  	"wave:geo_stelar" : {
		"angeal" : "Black Lightning Style (Xuwt)"
	}
  }

}