{
  "name": "Sky High Heroes",
  "domain": "skyhighheroes",
  "packFormat": 1,
  "minVersion": "2.4.0",
  "watermark": "\u00A73\u00A7lS\u00A76\u00A7lH\u00A71\u00A7lC\u00A7r",
  "description": "Created by aidanangrybird",
  "dataVars": {
    "body_temperature": "FLOAT_INTERP",
    "superhero_landing_ticks": "BYTE",
    "superhero_landing_timer": { "type": "FLOAT_INTERP", "resetWithoutSuit": true },
    "superhero_boosting_landing_ticks": "BYTE",
    "superhero_boosting_landing_timer": { "type": "FLOAT_INTERP", "resetWithoutSuit": true },
    "active_chat": "INTEGER",
    "chat_mode": "INTEGER",
    "entry": { "type": "STRING", "resetWithoutSuit": true },
    "group_name": { "type": "STRING", "resetWithoutSuit": true },
    "system_init": { "type": "BOOLEAN", "resetWithoutSuit": true },
    "powered_down": { "type": "BOOLEAN", "resetOnDeath": false, "resetWithoutSuit": false },
    "powering_down_timer": { "type": "FLOAT_INTERP", "resetOnDeath": false, "resetWithoutSuit": false },
    "fight_or_flight": { "type": "BOOLEAN", "resetOnDeath": false, "resetWithoutSuit": false },
    "bearing": { "type": "FLOAT_INTERP", "resetWithoutSuit": true },

    "chakra_suit": { "type": "BOOLEAN", "resetWithoutSuit": true },

    "wave_changing_timer": "FLOAT_INTERP",
    "wave_changed": "BOOLEAN",
    "calling_value": { "type": "FLOAT", "resetWithoutSuit": true },
    "calling_timer": { "type": "FLOAT_INTERP", "resetWithoutSuit": true },
    "calling": { "type": "BOOLEAN", "resetWithoutSuit": true },
    "predation_timer": { "type": "FLOAT_INTERP", "resetWithoutSuit": true },
    "predation_cooldown": { "type": "FLOAT_INTERP", "resetWithoutSuit": true },
    "predation": { "type": "BOOLEAN", "resetWithoutSuit": true },
    "battle_card": { "type": "BYTE", "resetWithoutSuit": true },
    "selected_battle_card": { "type": "BYTE", "resetWithoutSuit": true },
    "reset_gravity_manip": "BOOLEAN",
    "item_holding_timer": { "type": "FLOAT_INTERP", "resetWithoutSuit": true },
    "visualizer_toggle": { "type": "BOOLEAN", "resetWithoutSuit": true },
    "stelar_clothes": "BYTE",
    "hood_toggle": "BOOLEAN",
    "tool_enchant": "BYTE",

    "omega_xis_timer": { "type": "FLOAT_INTERP", "resetWithoutSuit": true },
    "omega_xis": { "type": "BOOLEAN", "resetWithoutSuit": true },

    "sword": { "type": "BOOLEAN", "resetWithoutSuit": true },
    "sword_timer": { "type": "FLOAT_INTERP", "resetWithoutSuit": true },
    "sword_blade": { "type": "BOOLEAN", "resetWithoutSuit": true },
    "sword_blade_timer": { "type": "FLOAT_INTERP", "resetWithoutSuit": true },
    "cannon": { "type": "BOOLEAN", "resetWithoutSuit": true },
    "cannon_timer": { "type": "FLOAT_INTERP", "resetWithoutSuit": true },
    "jet_attack": { "type": "BOOLEAN", "resetWithoutSuit": true },
    "jet_attack_timer": { "type": "FLOAT_INTERP", "resetWithoutSuit": true },
    "knuckle": { "type": "BOOLEAN", "resetWithoutSuit": true },
    "knuckle_timer": { "type": "FLOAT_INTERP", "resetWithoutSuit": true },
    
    "astro_clothes": "BYTE",
    "arm_cannon_timer": { "type": "FLOAT_INTERP", "resetWithoutSuit": true },
    "arm_cannon": { "type": "BOOLEAN", "resetWithoutSuit": true },
    "dual_arm_cannon_timer": { "type": "FLOAT_INTERP", "resetWithoutSuit": true },
    "dual_arm_cannon": { "type": "BOOLEAN", "resetWithoutSuit": true },

    "head_top_front_open": { "type": "BOOLEAN", "resetWithoutSuit": true },
    "head_top_front_open_timer": { "type": "FLOAT_INTERP", "resetWithoutSuit": true },
    "head_top_back_open": { "type": "BOOLEAN", "resetWithoutSuit": true },
    "head_top_back_open_timer": { "type": "FLOAT_INTERP", "resetWithoutSuit": true },
    "head_bottom_front_open": { "type": "BOOLEAN", "resetWithoutSuit": true },
    "head_bottom_front_open_timer": { "type": "FLOAT_INTERP", "resetWithoutSuit": true },
    "head_bottom_back_open": { "type": "BOOLEAN", "resetWithoutSuit": true },
    "head_bottom_back_open_timer": { "type": "FLOAT_INTERP", "resetWithoutSuit": true },

    "body_upper_front_open": { "type": "BOOLEAN", "resetWithoutSuit": true },
    "body_upper_front_open_timer": { "type": "FLOAT_INTERP", "resetWithoutSuit": true },
    "body_upper_back_open": { "type": "BOOLEAN", "resetWithoutSuit": true },
    "body_upper_back_open_timer": { "type": "FLOAT_INTERP", "resetWithoutSuit": true },
    "body_lower_front_open": { "type": "BOOLEAN", "resetWithoutSuit": true },
    "body_lower_front_open_timer": { "type": "FLOAT_INTERP", "resetWithoutSuit": true },
    "body_lower_back_open": { "type": "BOOLEAN", "resetWithoutSuit": true },
    "body_lower_back_open_timer": { "type": "FLOAT_INTERP", "resetWithoutSuit": true },
    "body_machine_gun_open": { "type": "BOOLEAN", "resetWithoutSuit": true },
    "body_machine_gun_open_timer": { "type": "FLOAT_INTERP", "resetWithoutSuit": true },
    
    "left_arm_outer_open": { "type": "BOOLEAN", "resetWithoutSuit": true },
    "left_arm_outer_open_timer": { "type": "FLOAT_INTERP", "resetWithoutSuit": true },
    "left_arm_cannon_outer_open": { "type": "BOOLEAN", "resetWithoutSuit": true },
    "left_arm_cannon_outer_open_timer": { "type": "FLOAT_INTERP", "resetWithoutSuit": true },
    "left_arm_cannon_inner_open": { "type": "BOOLEAN", "resetWithoutSuit": true },
    "left_arm_cannon_inner_open_timer": { "type": "FLOAT_INTERP", "resetWithoutSuit": true },

    "right_arm_outer_open": { "type": "BOOLEAN", "resetWithoutSuit": true },
    "right_arm_outer_open_timer": { "type": "FLOAT_INTERP", "resetWithoutSuit": true },
    "right_arm_cannon_outer_open": { "type": "BOOLEAN", "resetWithoutSuit": true },
    "right_arm_cannon_outer_open_timer": { "type": "FLOAT_INTERP", "resetWithoutSuit": true },
    "right_arm_cannon_inner_open": { "type": "BOOLEAN", "resetWithoutSuit": true },
    "right_arm_cannon_inner_open_timer": { "type": "FLOAT_INTERP", "resetWithoutSuit": true },
    
    "left_leg_boot_front_open": { "type": "BOOLEAN", "resetWithoutSuit": true },
    "left_leg_boot_front_open_timer": { "type": "FLOAT_INTERP", "resetWithoutSuit": true },
    "left_leg_boot_back_open": { "type": "BOOLEAN", "resetWithoutSuit": true },
    "left_leg_boot_back_open_timer": { "type": "FLOAT_INTERP", "resetWithoutSuit": true },
    "left_leg_front_open": { "type": "BOOLEAN", "resetWithoutSuit": true },
    "left_leg_front_open_timer": { "type": "FLOAT_INTERP", "resetWithoutSuit": true },
    "left_leg_back_open": { "type": "BOOLEAN", "resetWithoutSuit": true },
    "left_leg_back_open_timer": { "type": "FLOAT_INTERP", "resetWithoutSuit": true },
    "left_leg_boot_open": { "type": "BOOLEAN", "resetWithoutSuit": true },
    "left_leg_boot_open_timer": { "type": "FLOAT_INTERP", "resetWithoutSuit": true },

    "right_leg_boot_front_open": { "type": "BOOLEAN", "resetWithoutSuit": true },
    "right_leg_boot_front_open_timer": { "type": "FLOAT_INTERP", "resetWithoutSuit": true },
    "right_leg_boot_back_open": { "type": "BOOLEAN", "resetWithoutSuit": true },
    "right_leg_boot_back_open_timer": { "type": "FLOAT_INTERP", "resetWithoutSuit": true },
    "right_leg_front_open": { "type": "BOOLEAN", "resetWithoutSuit": true },
    "right_leg_front_open_timer": { "type": "FLOAT_INTERP", "resetWithoutSuit": true },
    "right_leg_back_open": { "type": "BOOLEAN", "resetWithoutSuit": true },
    "right_leg_back_open_timer": { "type": "FLOAT_INTERP", "resetWithoutSuit": true },
    "right_leg_boot_open": { "type": "BOOLEAN", "resetWithoutSuit": true },
    "right_leg_boot_open_timer": { "type": "FLOAT_INTERP", "resetWithoutSuit": true },

    "cannons_arms_timer": { "type": "FLOAT_INTERP", "resetWithoutSuit": true },
    "cannons_arms": { "type": "BOOLEAN", "resetWithoutSuit": true },
    "cannons_body_timer": { "type": "FLOAT_INTERP", "resetWithoutSuit": true },
    "cannons_body": { "type": "BOOLEAN", "resetWithoutSuit": true },
    "cannons_head_timer": { "type": "FLOAT_INTERP", "resetWithoutSuit": true },
    "cannons_head": { "type": "BOOLEAN", "resetWithoutSuit": true },
    "cannon_left_arm_bottom_deploy_timer": { "type": "FLOAT_INTERP", "resetWithoutSuit": true },
    "cannon_left_arm_bottom_deployed": { "type": "BOOLEAN", "resetWithoutSuit": true },
    "cannon_left_arm_front_deploy_timer": { "type": "FLOAT_INTERP", "resetWithoutSuit": true },
    "cannon_left_arm_front_deployed": { "type": "BOOLEAN", "resetWithoutSuit": true },
    "cannon_left_arm_back_deploy_timer": { "type": "FLOAT_INTERP", "resetWithoutSuit": true },
    "cannon_left_arm_back_deployed": { "type": "BOOLEAN", "resetWithoutSuit": true },
    "cannon_right_arm_bottom_deploy_timer": { "type": "FLOAT_INTERP", "resetWithoutSuit": true },
    "cannon_right_arm_bottom_deployed": { "type": "BOOLEAN", "resetWithoutSuit": true },
    "cannon_right_arm_front_deploy_timer": { "type": "FLOAT_INTERP", "resetWithoutSuit": true },
    "cannon_right_arm_front_deployed": { "type": "BOOLEAN", "resetWithoutSuit": true },
    "cannon_right_arm_back_deploy_timer": { "type": "FLOAT_INTERP", "resetWithoutSuit": true },
    "cannon_right_arm_back_deployed": { "type": "BOOLEAN", "resetWithoutSuit": true },
    "cannon_body_left_deploy_timer": { "type": "FLOAT_INTERP", "resetWithoutSuit": true },
    "cannon_body_left_deployed": { "type": "BOOLEAN", "resetWithoutSuit": true },
    "cannon_body_right_deploy_timer": { "type": "FLOAT_INTERP", "resetWithoutSuit": true },
    "cannon_body_right_deployed": { "type": "BOOLEAN", "resetWithoutSuit": true },
    "cannon_head_left_deploy_timer": { "type": "FLOAT_INTERP", "resetWithoutSuit": true },
    "cannon_head_left_deployed": { "type": "BOOLEAN", "resetWithoutSuit": true },
    "cannon_head_right_deploy_timer": { "type": "FLOAT_INTERP", "resetWithoutSuit": true },
    "cannon_head_right_deployed": { "type": "BOOLEAN", "resetWithoutSuit": true },
    "cannon_left_arm_flush_timer": { "type": "FLOAT_INTERP", "resetWithoutSuit": true },
    "cannon_left_arm_flush": { "type": "BOOLEAN", "resetWithoutSuit": true },
    "cannon_right_arm_flush_timer": { "type": "FLOAT_INTERP", "resetWithoutSuit": true },
    "cannon_right_arm_flush": { "type": "BOOLEAN", "resetWithoutSuit": true },
    "cannon_head_flush_timer": { "type": "FLOAT_INTERP", "resetWithoutSuit": true },
    "cannon_head_flush": { "type": "BOOLEAN", "resetWithoutSuit": true },

    "rockets_body_timer": { "type": "FLOAT_INTERP", "resetWithoutSuit": true },
    "rockets_body": { "type": "BOOLEAN", "resetWithoutSuit": true },
    "rockets_aux_timer": { "type": "FLOAT_INTERP", "resetWithoutSuit": true },
    "rockets_aux": { "type": "BOOLEAN", "resetWithoutSuit": true },
    "rockets_legs_timer": { "type": "FLOAT_INTERP", "resetWithoutSuit": true },
    "rockets_legs": { "type": "BOOLEAN", "resetWithoutSuit": true },
    "rocket_body_left_deploy_timer": { "type": "FLOAT_INTERP", "resetWithoutSuit": true },
    "rocket_body_left_deployed": { "type": "BOOLEAN", "resetWithoutSuit": true },
    "rocket_body_right_deploy_timer": { "type": "FLOAT_INTERP", "resetWithoutSuit": true },
    "rocket_body_right_deployed": { "type": "BOOLEAN", "resetWithoutSuit": true },
    "rocket_left_arm_outer_booster_deploy_timer": { "type": "FLOAT_INTERP", "resetWithoutSuit": true },
    "rocket_left_arm_outer_booster_deployed": { "type": "BOOLEAN", "resetWithoutSuit": true },
    "rocket_left_arm_front_booster_deploy_timer": { "type": "FLOAT_INTERP", "resetWithoutSuit": true },
    "rocket_left_arm_front_booster_deployed": { "type": "BOOLEAN", "resetWithoutSuit": true },
    "rocket_left_arm_back_booster_deploy_timer": { "type": "FLOAT_INTERP", "resetWithoutSuit": true },
    "rocket_left_arm_back_booster_deployed": { "type": "BOOLEAN", "resetWithoutSuit": true },
    "rocket_right_arm_outer_booster_deploy_timer": { "type": "FLOAT_INTERP", "resetWithoutSuit": true },
    "rocket_right_arm_outer_booster_deployed": { "type": "BOOLEAN", "resetWithoutSuit": true },
    "rocket_right_arm_front_booster_deploy_timer": { "type": "FLOAT_INTERP", "resetWithoutSuit": true },
    "rocket_right_arm_front_booster_deployed": { "type": "BOOLEAN", "resetWithoutSuit": true },
    "rocket_right_arm_back_booster_deploy_timer": { "type": "FLOAT_INTERP", "resetWithoutSuit": true },
    "rocket_right_arm_back_booster_deployed": { "type": "BOOLEAN", "resetWithoutSuit": true },
    "rocket_left_leg_main_deploy_timer": { "type": "FLOAT_INTERP", "resetWithoutSuit": true },
    "rocket_left_leg_main_deployed": { "type": "BOOLEAN", "resetWithoutSuit": true },
    "rocket_right_leg_main_deploy_timer": { "type": "FLOAT_INTERP", "resetWithoutSuit": true },
    "rocket_right_leg_main_deployed": { "type": "BOOLEAN", "resetWithoutSuit": true },
    "rocket_left_leg_inner_booster_deploy_timer": { "type": "FLOAT_INTERP", "resetWithoutSuit": true },
    "rocket_left_leg_inner_booster_deployed": { "type": "BOOLEAN", "resetWithoutSuit": true },
    "rocket_left_leg_outer_booster_deploy_timer": { "type": "FLOAT_INTERP", "resetWithoutSuit": true },
    "rocket_left_leg_outer_booster_deployed": { "type": "BOOLEAN", "resetWithoutSuit": true },
    "rocket_left_leg_front_booster_deploy_timer": { "type": "FLOAT_INTERP", "resetWithoutSuit": true },
    "rocket_left_leg_front_booster_deployed": { "type": "BOOLEAN", "resetWithoutSuit": true },
    "rocket_left_leg_back_booster_deploy_timer": { "type": "FLOAT_INTERP", "resetWithoutSuit": true },
    "rocket_left_leg_back_booster_deployed": { "type": "BOOLEAN", "resetWithoutSuit": true },
    "rocket_right_leg_inner_booster_deploy_timer": { "type": "FLOAT_INTERP", "resetWithoutSuit": true },
    "rocket_right_leg_inner_booster_deployed": { "type": "BOOLEAN", "resetWithoutSuit": true },
    "rocket_right_leg_outer_booster_deploy_timer": { "type": "FLOAT_INTERP", "resetWithoutSuit": true },
    "rocket_right_leg_outer_booster_deployed": { "type": "BOOLEAN", "resetWithoutSuit": true },
    "rocket_right_leg_front_booster_deploy_timer": { "type": "FLOAT_INTERP", "resetWithoutSuit": true },
    "rocket_right_leg_front_booster_deployed": { "type": "BOOLEAN", "resetWithoutSuit": true },
    "rocket_right_leg_back_booster_deploy_timer": { "type": "FLOAT_INTERP", "resetWithoutSuit": true },
    "rocket_right_leg_back_booster_deployed": { "type": "BOOLEAN", "resetWithoutSuit": true },
    "rocket_left_leg_inner_deploy_timer": { "type": "FLOAT_INTERP", "resetWithoutSuit": true },
    "rocket_left_leg_inner_deployed": { "type": "BOOLEAN", "resetWithoutSuit": true },
    "rocket_left_leg_outer_deploy_timer": { "type": "FLOAT_INTERP", "resetWithoutSuit": true },
    "rocket_left_leg_outer_deployed": { "type": "BOOLEAN", "resetWithoutSuit": true },
    "rocket_left_leg_front_deploy_timer": { "type": "FLOAT_INTERP", "resetWithoutSuit": true },
    "rocket_left_leg_front_deployed": { "type": "BOOLEAN", "resetWithoutSuit": true },
    "rocket_left_leg_back_deploy_timer": { "type": "FLOAT_INTERP", "resetWithoutSuit": true },
    "rocket_left_leg_back_deployed": { "type": "BOOLEAN", "resetWithoutSuit": true },
    "rocket_right_leg_inner_deploy_timer": { "type": "FLOAT_INTERP", "resetWithoutSuit": true },
    "rocket_right_leg_inner_deployed": { "type": "BOOLEAN", "resetWithoutSuit": true },
    "rocket_right_leg_outer_deploy_timer": { "type": "FLOAT_INTERP", "resetWithoutSuit": true },
    "rocket_right_leg_outer_deployed": { "type": "BOOLEAN", "resetWithoutSuit": true },
    "rocket_right_leg_front_deploy_timer": { "type": "FLOAT_INTERP", "resetWithoutSuit": true },
    "rocket_right_leg_front_deployed": { "type": "BOOLEAN", "resetWithoutSuit": true },
    "rocket_right_leg_back_deploy_timer": { "type": "FLOAT_INTERP", "resetWithoutSuit": true },
    "rocket_right_leg_back_deployed": { "type": "BOOLEAN", "resetWithoutSuit": true },
    "rocket_inner_legs_timer": { "type": "FLOAT_INTERP", "resetWithoutSuit": true },
    "rocket_inner_legs": { "type": "BOOLEAN", "resetWithoutSuit": true },

    "satellite_timer": { "type": "FLOAT_INTERP", "resetWithoutSuit": true },
    "satellite": { "type": "BOOLEAN", "resetWithoutSuit": true },
    "satellite_rain_mode_timer": { "type": "FLOAT_INTERP", "resetWithoutSuit": true },
    "satellite_rain_mode": { "type": "BOOLEAN", "resetWithoutSuit": true },
    "antenna_timer": { "type": "FLOAT_INTERP", "resetWithoutSuit": true },
    "antenna": { "type": "BOOLEAN", "resetWithoutSuit": true },
    "transmit_beam_timer": { "type": "FLOAT_INTERP", "resetWithoutSuit": true },
    "transmit_beam": { "type": "BOOLEAN", "resetWithoutSuit": true },
    "receive_beam_timer": { "type": "FLOAT_INTERP", "resetWithoutSuit": true },
    "receive_beam": { "type": "BOOLEAN", "resetWithoutSuit": true },
    "transmit_timer": { "type": "FLOAT_INTERP", "resetWithoutSuit": true },
    "transmit_duration": { "type": "INTEGER", "resetWithoutSuit": true },
    "transmitting": { "type": "BOOLEAN", "resetWithoutSuit": true },
    "receive_timer": { "type": "FLOAT_INTERP", "resetWithoutSuit": true },
    "receive_duration": { "type": "INTEGER", "resetWithoutSuit": true },
    "receiving": { "type": "BOOLEAN", "resetWithoutSuit": true },
    "upload_timer": { "type": "FLOAT_INTERP", "resetWithoutSuit": true },
    "upload_duration": { "type": "INTEGER", "resetWithoutSuit": true },
    "uploading": { "type": "BOOLEAN", "resetWithoutSuit": true },
    "download_timer": { "type": "FLOAT_INTERP", "resetWithoutSuit": true },
    "download_duration": { "type": "INTEGER", "resetWithoutSuit": true },
    "downloading": { "type": "BOOLEAN", "resetWithoutSuit": true },

    "wings_timer": { "type": "FLOAT_INTERP", "resetWithoutSuit": true },
    "wings": { "type": "BOOLEAN", "resetWithoutSuit": true },
    "wing_left_deploy_timer": { "type": "FLOAT_INTERP", "resetWithoutSuit": true },
    "wing_left_deployed": { "type": "BOOLEAN", "resetWithoutSuit": true },
    "wing_right_deploy_timer": { "type": "FLOAT_INTERP", "resetWithoutSuit": true },
    "wing_right_deployed": { "type": "BOOLEAN", "resetWithoutSuit": true },

    "external_arms_timer": { "type": "FLOAT_INTERP", "resetWithoutSuit": true },
    "external_arms": { "type": "BOOLEAN", "resetWithoutSuit": true },
    "external_arm_left_deploy_timer": { "type": "FLOAT_INTERP", "resetWithoutSuit": true },
    "external_arm_left_deployed": { "type": "BOOLEAN", "resetWithoutSuit": true },
    "external_arm_right_deploy_timer": { "type": "FLOAT_INTERP", "resetWithoutSuit": true },
    "external_arm_right_deployed": { "type": "BOOLEAN", "resetWithoutSuit": true },
    "external_arms_menu": { "type": "BOOLEAN", "resetWithoutSuit": true },
    
    "mouth_timer": { "type": "FLOAT_INTERP", "resetWithoutSuit": true },
    "mouth": { "type": "BOOLEAN", "resetWithoutSuit": true },
    "mouth_deploy_timer": { "type": "FLOAT_INTERP", "resetWithoutSuit": true },
    "mouth_deployed": { "type": "BOOLEAN", "resetWithoutSuit": true },
    "mouth_flush_timer": { "type": "FLOAT_INTERP", "resetWithoutSuit": true },
    "mouth_flush": { "type": "BOOLEAN", "resetWithoutSuit": true },
    
    "blade_left_arm_timer": { "type": "FLOAT_INTERP", "resetWithoutSuit": true },
    "blade_left_arm": { "type": "BOOLEAN", "resetWithoutSuit": true },
    "blade_right_arm_timer": { "type": "FLOAT_INTERP", "resetWithoutSuit": true },
    "blade_right_arm": { "type": "BOOLEAN", "resetWithoutSuit": true },
    "blade_left_arm_deploy_timer": { "type": "FLOAT_INTERP", "resetWithoutSuit": true },
    "blade_left_arm_deployed": { "type": "BOOLEAN", "resetWithoutSuit": true },
    "blade_right_arm_deploy_timer": { "type": "FLOAT_INTERP", "resetWithoutSuit": true },
    "blade_right_arm_deployed": { "type": "BOOLEAN", "resetWithoutSuit": true },
    "blade_left_arm_stealth_timer": { "type": "FLOAT_INTERP", "resetWithoutSuit": true },
    "blade_left_arm_stealth": { "type": "BOOLEAN", "resetWithoutSuit": true },
    "blade_right_arm_stealth_timer": { "type": "FLOAT_INTERP", "resetWithoutSuit": true },
    "blade_right_arm_stealth": { "type": "BOOLEAN", "resetWithoutSuit": true },
    
    "shield_left_arm_timer": { "type": "FLOAT_INTERP", "resetWithoutSuit": true },
    "shield_left_arm": { "type": "BOOLEAN", "resetWithoutSuit": true },
    "shield_right_arm_timer": { "type": "FLOAT_INTERP", "resetWithoutSuit": true },
    "shield_right_arm": { "type": "BOOLEAN", "resetWithoutSuit": true },
    "shield_left_arm_deploy_timer": { "type": "FLOAT_INTERP", "resetWithoutSuit": true },
    "shield_left_arm_deployed": { "type": "BOOLEAN", "resetWithoutSuit": true },
    "shield_right_arm_deploy_timer": { "type": "FLOAT_INTERP", "resetWithoutSuit": true },
    "shield_right_arm_deployed": { "type": "BOOLEAN", "resetWithoutSuit": true },
    
    "thermoptic_disguise_timer": { "type": "FLOAT_INTERP", "resetWithoutSuit": true },
    "thermoptic_disguise": { "type": "BOOLEAN", "resetWithoutSuit": true },
    "thermoptic_camouflage_timer": { "type": "FLOAT_INTERP", "resetWithoutSuit": true },
    "thermoptic_camouflage": { "type": "BOOLEAN", "resetWithoutSuit": true }
  },
  "sounds": {
    "download": {
      "repository": "aidanangrybird/skyhighheroes-sounds",
      "version": 0
    },
    "range": {
      "wave_flying_loop": { "distance": 32.0, "target": "OTHERS_IN_RANGE" },
      "wave_flying_start": { "distance": 32.0, "target": "OTHERS_IN_RANGE" },
      "wave_rushing_past": { "distance": 16.0, "target": "ONLY_SELF" },
      "wave_initial_rush": { "distance": 16.0, "target": "ONLY_SELF" },
      "wave_flight_hit": { "distance": 16.0, "target": "ALL_IN_RANGE" },
      "wave_equip": { "distance": 8.0, "target": "ALL_IN_RANGE" },
      "wave_footstep": { "distance": 16.0, "target": "ALL_IN_RANGE" },
      "wave_punch": { "distance": 8.0, "target": "ALL_IN_RANGE" },
      "wave_shooting": 32.0,
      "wave_teleport": { "distance": 24.0, "target": "ALL_IN_RANGE" },
      "wave_transform": { "distance": 8.0, "target": "ALL_IN_RANGE" },
      "tenma_flight_boost": { "distance": 32.0, "target": "ALL" },
      "tenma_flight_enable": 32.0,
      "tenma_machine_gun_shoot": 32.0,
      "tenma_flight_loop": { "distance": 32.0, "target": "ALL" }
    }
  },
  "damageTypes": {
    "GAMMA": "Gamma",
    "HELLFIRE": "Hellfire",
    "ADAMANTIUM": "Adamantium",
    "HOLY": "Holy",
    "HULK": "",
    "ICE": "Ice",
    "MINERAL": "Mineral",
    "RADIATION": "Radiation",
    "SAITAMA": "",
    "SHOCKWAVE": "Shockwave",
    "WATER": "Water",
    "KRYPTONITE": "Kryptonite",
    "LIGHT": "Light",
    "CELESTIALSAPIEN": "Celestialsapien",
    "FORCE": "Force",
    "JORMUNGANDR_VENOM": "Eitr",
    "PRIMORDIAL": "Primordial",
    "GALE": "Gale",
    "BIFROST": "Bifrost",
    "POSITIVE": "Positive Energy",
    "CURSED": "Cursed Energy",
    "CANCEL": "Technique Canceling",
    "CHI": "Chi",
    "OMEGA": "Omega Beams",
    "BLUE_KRYPTONITE": "Blue Kryptonite",
    "SOUND_BLAST": "Sound",
    "GOD": "Godly Powers",
    "ANGEL": "Angelic Powers",
    "ARCHANGEL": "Archangelic Powers",
    "DEMON": "Demonic Powers",
    "THE_COLT": "The Colt",
    "BONE": "Bone",
    "ELEMENT_NONE": "None Element",
    "ELEMENT_ELEC": "Electricity Element",
    "ELEMENT_FIRE": "Fire Element",
    "ELEMENT_AQUA": "Water Element",
    "ELEMENT_WOOD": "Wood Element",
    "ELEMENT_SWORD": "Sword Element",
    "ELEMENT_WIND": "Wind Element"
  },
  "alts" : {
    "skyhighheroes:mega_man" : {
      "$DEFAULT": {
        "name": "\u00A7bNormal \u00A7bStyle\u00A7r"
      },
      "subaru" : "\u00A74Subaru Style\u00A7r"
    },
    "skyhighheroes:guyver" : {
      "1" : "Guyver I",
      "2" : "Guyver II",
      "3" : "Guyver III"
    }
  }
}