{
  "texture": {
    "in": "skyhighheroes:tobi/tobi_stelar_reverse_flash_base",
    "transform": [
      {
        "operation": "XOR",
        "supply": "skyhighheroes:xor/stelar_suit_<TIMER>"
      }
    ],
    "out": "skyhighheroes:generated/tobi_stelar_reverse_flash_suit_<TIMER>"
  },
  "getters": {
    "TIMER": {
      "key": "Math.ceil(81 * entity.getInterpolatedData('skyhighheroes:dyn/wave_changing_timer')) | 0",
      "values": {
        "min": 41,
        "max": 81
      }
    }
  },
  "isDynamic": true
}