{
  "dimensions": [ 32, 14 ],
  "stitch": [
    { "size": [ 4, 4 ], "from": [ 4, 16 ], "to": [ 4, 0 ] },
    { "size": [ 4, 4 ], "from": [ 8, 16 ], "to": [ 8, 0 ] },
    { "size": [ 16, 10 ], "from": [ 0, 20 ], "to": [ 0, 4 ] },

    { "size": [ 2, 1 ], "from": [ 2, 31 ], "to": [ 19, 0 ] },
    { "size": [ 3, 2 ], "from": [ 2, 30 ], "to": [ 17, 1 ] },

    { "size": [ 2, 1 ], "from": [ 0, 31 ], "to": [ 25, 0 ] },
    { "size": [ 3, 2 ], "from": [ 3, 30 ], "to": [ 22, 1 ] },

    { "size": [ 2, 1 ], "from": [ 2, 31 ], "to": [ 19, 6 ] },
    { "size": [ 3, 2 ], "from": [ 3, 30 ], "to": [ 19, 7 ] },

    { "size": [ 2, 1 ], "from": [ 0, 31 ], "to": [ 25, 6 ] },
    { "size": [ 1, 2 ], "from": [ 0, 30 ], "to": [ 22, 7 ] },
    { "size": [ 2, 2 ], "from": [ 2, 30 ], "to": [ 26, 7 ] },

    { "size": [ 1, 2 ], "from": [ 1, 30 ], "to": [ 19, 4 ] },
    { "size": [ 1, 2 ], "from": [ 1, 30 ], "to": [ 17, 10 ] },
    { "size": [ 1, 2 ], "from": [ 1, 30 ], "to": [ 23, 4 ] },
    { "size": [ 1, 2 ], "from": [ 1, 30 ], "to": [ 25, 10 ] },

    { "size": [ 1, 1 ], "from": [ 1, 31 ], "to": [ 19, 3 ] },
    { "size": [ 1, 1 ], "from": [ 1, 31 ], "to": [ 25, 3 ] },
    { "size": [ 1, 1 ], "from": [ 1, 31 ], "to": [ 19, 9 ] },
    { "size": [ 1, 1 ], "from": [ 1, 31 ], "to": [ 25, 9 ] },

    { "size": [ 1, 1 ], "from": [ 9, 17 ], "to": [ 30, 0 ] },
    { "size": [ 1, 1 ], "from": [ 9, 17 ], "to": [ 30, 2 ] },
    { "size": [ 1, 1 ], "from": [ 9, 17 ], "to": [ 30, 4 ] },
    { "size": [ 1, 1 ], "from": [ 9, 17 ], "to": [ 30, 6 ] }
  ]
}
