{
  "dimensions": [ 32, 21 ],
  "stitch": [
    { "size": [ 4, 4 ], "from": [ 44, 16 ], "to": [ 4, 0 ] },
    { "size": [ 16, 7 ], "from": [ 40, 20 ], "to": [ 0, 4 ] },

    { "size": [ 3, 3 ], "from": [ 44, 26 ], "to": [ 0, 12 ] },

    { "size": [ 3, 3 ], "from": [ 44, 26 ], "to": [ 7, 12 ] },

    { "size": [ 3, 3 ], "from": [ 44, 26 ], "to": [ 3, 16 ] },

    { "size": [ 1, 3 ], "from": [ 44, 26 ], "to": [ 6, 16 ] },
    { "size": [ 2, 3 ], "from": [ 44, 26 ], "to": [ 10, 16 ] },

    { "size": [ 1, 3 ], "from": [ 44, 26 ], "to": [ 0, 1 ] },
    { "size": [ 1, 3 ], "from": [ 44, 26 ], "to": [ 14, 1 ] },
    { "size": [ 1, 3 ], "from": [ 44, 26 ], "to": [ 12, 16 ] },
    { "size": [ 1, 3 ], "from": [ 44, 26 ], "to": [ 14, 12 ] },

    { "size": [ 2, 1 ], "from": [ 48, 16 ], "to": [ 19, 0 ] },
    { "size": [ 3, 2 ], "from": [ 48, 16 ], "to": [ 17, 1 ] },

    { "size": [ 2, 1 ], "from": [ 48, 16 ], "to": [ 25, 0 ] },
    { "size": [ 3, 2 ], "from": [ 48, 16 ], "to": [ 22, 1 ] },

    { "size": [ 2, 1 ], "from": [ 48, 16 ], "to": [ 19, 4 ] },
    { "size": [ 3, 2 ], "from": [ 48, 16 ], "to": [ 19, 5 ] },

    { "size": [ 2, 1 ], "from": [ 48, 16 ], "to": [ 25, 4 ] },
    { "size": [ 1, 2 ], "from": [ 48, 16 ], "to": [ 22, 5 ] },
    { "size": [ 2, 2 ], "from": [ 48, 16 ], "to": [ 26, 5 ] },

    { "size": [ 1, 2 ], "from": [ 48, 16 ], "to": [ 18, 15 ] },
    { "size": [ 1, 2 ], "from": [ 48, 16 ], "to": [ 20, 15 ] },
    { "size": [ 1, 2 ], "from": [ 48, 16 ], "to": [ 18, 19 ] },
    { "size": [ 1, 2 ], "from": [ 48, 16 ], "to": [ 20, 19 ] },

    { "size": [ 1, 1 ], "from": [ 48, 16 ], "to": [ 18, 14 ] },
    { "size": [ 1, 1 ], "from": [ 48, 16 ], "to": [ 22, 14 ] },
    { "size": [ 1, 1 ], "from": [ 48, 16 ], "to": [ 18, 18 ] },
    { "size": [ 1, 1 ], "from": [ 48, 16 ], "to": [ 22, 18 ] },

    { "size": [ 1, 1 ], "from": [ 48, 16 ], "to": [ 30, 0 ] },
    { "size": [ 1, 1 ], "from": [ 48, 16 ], "to": [ 30, 2 ] },
    { "size": [ 1, 1 ], "from": [ 48, 16 ], "to": [ 30, 4 ] },
    { "size": [ 1, 1 ], "from": [ 48, 16 ], "to": [ 30, 6 ] }
  ]
}
