{
  "dimensions": [ 64, 16 ],
  "stitch": [
    { "size": [ 3, 3 ], "from": [ 32, 8 ], "to": [ 0, 8 ] },
    { "size": [ 2, 2 ], "from": [ 35, 8 ], "to": [ 3, 8 ] },
    { "size": [ 3, 3 ], "from": [ 37, 8 ], "to": [ 5, 8 ] },
    { "size": [ 2, 2 ], "from": [ 38, 11 ], "to": [ 6, 11 ] },
    { "size": [ 3, 3 ], "from": [ 32, 13 ], "to": [ 0, 13 ] },
    { "size": [ 2, 2 ], "from": [ 32, 11 ], "to": [ 0, 11 ] },
    { "size": [ 3, 3 ], "from": [ 37, 13 ], "to": [ 5, 13 ] },
    { "size": [ 2, 2 ], "from": [ 35, 14 ], "to": [ 3, 14 ] },
    { "size": [ 1, 2 ], "from": [ 34, 11 ], "to": [ 34, 11 ] },
    { "size": [ 1, 4 ], "from": [ 35, 10 ], "to": [ 35, 10 ] },
    { "size": [ 1, 4 ], "from": [ 36, 10 ], "to": [ 38, 10 ] },
    { "size": [ 1, 2 ], "from": [ 37, 11 ], "to": [ 39, 11 ] },

    { "size": [ 8, 6 ], "from": [ 40, 8 ], "to": [ 8, 8 ] },
    { "size": [ 3, 2 ], "from": [ 40, 14 ], "to": [ 8, 14 ] },
    { "size": [ 3, 2 ], "from": [ 45, 14 ], "to": [ 13, 14 ] },
    { "size": [ 2, 1 ], "from": [ 43, 15 ], "to": [ 11, 15 ] },
    { "size": [ 1, 1 ], "from": [ 43, 14 ], "to": [ 42, 15 ] },
    { "size": [ 1, 1 ], "from": [ 44, 14 ], "to": [ 45, 15 ] },
    
    { "size": [ 8, 4 ], "from": [ 40, 4 ], "to": [ 8, 4 ] },
    { "size": [ 3, 4 ], "from": [ 40, 0 ], "to": [ 8, 0 ] },
    { "size": [ 3, 4 ], "from": [ 45, 0 ], "to": [ 13, 0 ] },
    { "size": [ 2, 1 ], "from": [ 43, 0 ], "to": [ 11, 0 ] },
    { "size": [ 1, 3 ], "from": [ 43, 1 ], "to": [ 42, 1 ] },
    { "size": [ 1, 3 ], "from": [ 44, 1 ], "to": [ 45, 1 ] },
    
    { "size": [ 8, 8 ], "from": [ 48, 0 ], "to": [ 16, 0 ] },

    { "size": [ 3, 3 ], "from": [ 48, 8 ], "to": [ 16, 8 ] },
    { "size": [ 2, 2 ], "from": [ 51, 8 ], "to": [ 19, 8 ] },
    { "size": [ 3, 3 ], "from": [ 53, 8 ], "to": [ 21, 8 ] },
    { "size": [ 2, 2 ], "from": [ 54, 11 ], "to": [ 22, 11 ] },
    { "size": [ 3, 3 ], "from": [ 48, 13 ], "to": [ 16, 13 ] },
    { "size": [ 2, 2 ], "from": [ 48, 11 ], "to": [ 16, 11 ] },
    { "size": [ 3, 3 ], "from": [ 53, 13 ], "to": [ 21, 13 ] },
    { "size": [ 2, 2 ], "from": [ 51, 14 ], "to": [ 19, 14 ] },
    { "size": [ 1, 2 ], "from": [ 50, 11 ], "to": [ 50, 11 ] },
    { "size": [ 1, 4 ], "from": [ 51, 10 ], "to": [ 51, 10 ] },
    { "size": [ 1, 4 ], "from": [ 52, 10 ], "to": [ 54, 10 ] },
    { "size": [ 1, 2 ], "from": [ 53, 11 ], "to": [ 55, 11 ] },

    { "size": [ 3, 8 ], "from": [ 56, 8 ], "to": [ 24, 8 ] },
    { "size": [ 3, 8 ], "from": [ 61, 8 ], "to": [ 29, 8 ] },
    { "size": [ 1, 4 ], "from": [ 59, 9 ], "to": [ 58, 9 ] },
    { "size": [ 1, 4 ], "from": [ 60, 9 ], "to": [ 61, 9 ] },
    { "size": [ 2, 1 ], "from": [ 59, 8 ], "to": [ 27, 8 ] },
    { "size": [ 2, 3 ], "from": [ 59, 13 ], "to": [ 27, 13 ] }
  ]
}
