{
  "dimensions": [ 64, 16 ],
  "stitch": [
    { "size": [ 3, 3 ], "from": [ 0, 8 ], "to": [ 0, 8 ] },
    { "size": [ 2, 2 ], "from": [ 3, 8 ], "to": [ 3, 8 ] },
    { "size": [ 3, 3 ], "from": [ 5, 8 ], "to": [ 5, 8 ] },
    { "size": [ 2, 2 ], "from": [ 6, 11 ], "to": [ 6, 11 ] },
    { "size": [ 3, 3 ], "from": [ 0, 13 ], "to": [ 0, 13 ] },
    { "size": [ 2, 2 ], "from": [ 0, 11 ], "to": [ 0, 11 ] },
    { "size": [ 3, 3 ], "from": [ 5, 13 ], "to": [ 5, 13 ] },
    { "size": [ 2, 2 ], "from": [ 3, 14 ], "to": [ 3, 14 ] },
    { "size": [ 1, 2 ], "from": [ 2, 11 ], "to": [ 34, 11 ] },
    { "size": [ 1, 4 ], "from": [ 3, 10 ], "to": [ 35, 10 ] },
    { "size": [ 1, 4 ], "from": [ 4, 10 ], "to": [ 38, 10 ] },
    { "size": [ 1, 2 ], "from": [ 5, 11 ], "to": [ 39, 11 ] },

    { "size": [ 8, 6 ], "from": [ 8, 8 ], "to": [ 8, 8 ] },
    { "size": [ 3, 2 ], "from": [ 8, 14 ], "to": [ 8, 14 ] },
    { "size": [ 3, 2 ], "from": [ 13, 14 ], "to": [ 13, 14 ] },
    { "size": [ 2, 1 ], "from": [ 11, 15 ], "to": [ 11, 15 ] },
    { "size": [ 1, 1 ], "from": [ 11, 14 ], "to": [ 42, 15 ] },
    { "size": [ 1, 1 ], "from": [ 12, 14 ], "to": [ 45, 15 ] },
    
    { "size": [ 8, 4 ], "from": [ 8, 4 ], "to": [ 8, 4 ] },
    { "size": [ 3, 4 ], "from": [ 8, 0 ], "to": [ 8, 0 ] },
    { "size": [ 3, 4 ], "from": [ 13, 0 ], "to": [ 13, 0 ] },
    { "size": [ 2, 1 ], "from": [ 11, 0 ], "to": [ 11, 0 ] },
    { "size": [ 1, 3 ], "from": [ 11, 1 ], "to": [ 42, 1 ] },
    { "size": [ 1, 3 ], "from": [ 12, 1 ], "to": [ 45, 1 ] },
    
    { "size": [ 8, 8 ], "from": [ 16, 0 ], "to": [ 16, 0 ] },

    { "size": [ 3, 3 ], "from": [ 16, 8 ], "to": [ 16, 8 ] },
    { "size": [ 2, 2 ], "from": [ 19, 8 ], "to": [ 19, 8 ] },
    { "size": [ 3, 3 ], "from": [ 21, 8 ], "to": [ 21, 8 ] },
    { "size": [ 2, 2 ], "from": [ 22, 11 ], "to": [ 22, 11 ] },
    { "size": [ 3, 3 ], "from": [ 16, 13 ], "to": [ 16, 13 ] },
    { "size": [ 2, 2 ], "from": [ 16, 11 ], "to": [ 16, 11 ] },
    { "size": [ 3, 3 ], "from": [ 21, 13 ], "to": [ 21, 13 ] },
    { "size": [ 2, 2 ], "from": [ 19, 14 ], "to": [ 19, 14 ] },
    { "size": [ 1, 2 ], "from": [ 18, 11 ], "to": [ 50, 11 ] },
    { "size": [ 1, 4 ], "from": [ 19, 10 ], "to": [ 51, 10 ] },
    { "size": [ 1, 4 ], "from": [ 20, 10 ], "to": [ 54, 10 ] },
    { "size": [ 1, 2 ], "from": [ 21, 11 ], "to": [ 55, 11 ] },

    { "size": [ 3, 8 ], "from": [ 24, 8 ], "to": [ 24, 8 ] },
    { "size": [ 3, 8 ], "from": [ 29, 8 ], "to": [ 29, 8 ] },
    { "size": [ 1, 4 ], "from": [ 27, 9 ], "to": [ 58, 9 ] },
    { "size": [ 1, 4 ], "from": [ 28, 9 ], "to": [ 61, 9 ] },
    { "size": [ 2, 1 ], "from": [ 27, 8 ], "to": [ 27, 8 ] },
    { "size": [ 2, 3 ], "from": [ 27, 13 ], "to": [ 27, 13 ] }
  ]
}
