{
  "dimensions": [ 64, 32 ],
  "stitch": [
    { "size": [ 16, 1 ], "from": [ 32, 52 ], "to": [ 0, 4 ] },
    { "size": [ 16, 2 ], "from": [ 32, 62 ], "to": [ 0, 14 ] },
    { "size": [ 1, 9 ], "from": [ 32, 53 ], "to": [ 0, 5 ] },
    { "size": [ 2, 9 ], "from": [ 35, 53 ], "to": [ 3, 5 ] },
    { "size": [ 2, 9 ], "from": [ 39, 53 ], "to": [ 7, 5 ] },
    { "size": [ 2, 9 ], "from": [ 43, 53 ], "to": [ 11, 5 ] },
    { "size": [ 1, 9 ], "from": [ 47, 53 ], "to": [ 15, 5 ] },
    { "size": [ 2, 6 ], "from": [ 33, 53 ], "to": [ 1, 5 ] },
    { "size": [ 2, 4 ], "from": [ 37, 56 ], "to": [ 5, 8 ] },
    { "size": [ 2, 3 ], "from": [ 41, 56 ], "to": [ 9, 8 ] },
    { "size": [ 2, 4 ], "from": [ 45, 56 ], "to": [ 13, 8 ] },
    { "size": [ 5, 4 ], "from": [ 36, 48 ], "to": [ 4, 0 ] },
    { "size": [ 2, 1 ], "from": [ 41, 48 ], "to": [ 9, 0 ] },
    { "size": [ 2, 1 ], "from": [ 41, 51 ], "to": [ 9, 3 ] },
    { "size": [ 1, 4 ], "from": [ 43, 48 ], "to": [ 11, 0 ] },

    { "size": [ 1, 2 ], "from": [ 41, 49 ], "to": [ 22, 7 ] },
    { "size": [ 1, 2 ], "from": [ 42, 49 ], "to": [ 25, 7 ] },

    { "size": [ 2, 1 ], "from": [ 37, 53 ], "to": [ 43, 5 ] },
    { "size": [ 1, 1 ], "from": [ 38, 54 ], "to": [ 44, 6 ] },
    { "size": [ 1, 1 ], "from": [ 37, 54 ], "to": [ 43, 7 ] },
    { "size": [ 2, 1 ], "from": [ 37, 55 ], "to": [ 43, 8 ] },
    
    { "size": [ 1, 2 ], "from": [ 41, 53 ], "to": [ 50, 5 ] },
    { "size": [ 1, 2 ], "from": [ 42, 53 ], "to": [ 53, 5 ] },
    { "size": [ 2, 1 ], "from": [ 41, 55 ], "to": [ 51, 7 ] },

    { "size": [ 2, 1 ], "from": [ 45, 53 ], "to": [ 59, 5 ] },
    { "size": [ 1, 1 ], "from": [ 45, 54 ], "to": [ 59, 6 ] },
    { "size": [ 1, 1 ], "from": [ 46, 54 ], "to": [ 60, 7 ] },
    { "size": [ 2, 1 ], "from": [ 45, 55 ], "to": [ 59, 8 ] },

    { "size": [ 1, 3 ], "from": [ 33, 59 ], "to": [ 34, 11 ] },
    { "size": [ 1, 3 ], "from": [ 34, 59 ], "to": [ 37, 11 ] },

    { "size": [ 1, 2 ], "from": [ 37, 60 ], "to": [ 42, 12 ] },
    { "size": [ 1, 2 ], "from": [ 38, 60 ], "to": [ 45, 12 ] },

    { "size": [ 1, 3 ], "from": [ 41, 59 ], "to": [ 50, 11 ] },
    { "size": [ 1, 3 ], "from": [ 42, 59 ], "to": [ 53, 11 ] },

    { "size": [ 1, 2 ], "from": [ 45, 60 ], "to": [ 58, 12 ] },
    { "size": [ 1, 2 ], "from": [ 46, 60 ], "to": [ 61, 12 ] }
  ]
}
