{
  "dimensions": [ 64, 32 ],
  "stitch": [
    { "size": [ 24, 5 ], "from": [ 16, 16 ], "to": [ 0, 0 ] },
    { "size": [ 24, 1 ], "from": [ 16, 31 ], "to": [ 0, 15 ] },
    
    { "size": [ 1, 10 ], "from": [ 16, 21 ], "to": [ 0, 5 ] },
    { "size": [ 2, 10 ], "from": [ 19, 21 ], "to": [ 3, 5 ] },
    { "size": [ 2, 10 ], "from": [ 27, 21 ], "to": [ 11, 5 ] },
    { "size": [ 2, 10 ], "from": [ 31, 21 ], "to": [ 15, 5 ] },
    { "size": [ 1, 10 ], "from": [ 39, 21 ], "to": [ 23, 5 ] },

    { "size": [ 2, 3 ], "from": [ 17, 21 ], "to": [ 1, 5 ] },
    { "size": [ 2, 3 ], "from": [ 29, 21 ], "to": [ 13, 5 ] },

    { "size": [ 6, 7 ], "from": [ 21, 24 ], "to": [ 5, 8 ] },

    { "size": [ 2, 4 ], "from": [ 35, 21 ], "to": [ 19, 5 ] },
    { "size": [ 6, 2 ], "from": [ 33, 25 ], "to": [ 17, 9 ] },
    { "size": [ 2, 3 ], "from": [ 35, 27 ], "to": [ 19, 11 ] },
    { "size": [ 6, 1 ], "from": [ 33, 30 ], "to": [ 17, 14 ] },

    { "size": [ 1, 7 ], "from": [ 17, 24 ], "to": [ 25, 8 ] },
    { "size": [ 1, 7 ], "from": [ 18, 24 ], "to": [ 28, 8 ] },
    { "size": [ 1, 7 ], "from": [ 29, 24 ], "to": [ 41, 8 ] },
    { "size": [ 1, 7 ], "from": [ 30, 24 ], "to": [ 44, 8 ] },

    { "size": [ 1, 3 ], "from": [ 33, 21 ], "to": [ 46, 5 ] },
    { "size": [ 1, 3 ], "from": [ 34, 21 ], "to": [ 48, 5 ] },
    { "size": [ 2, 1 ], "from": [ 33, 24 ], "to": [ 47, 8 ] },
    { "size": [ 1, 3 ], "from": [ 37, 21 ], "to": [ 51, 5 ] },
    { "size": [ 1, 3 ], "from": [ 38, 21 ], "to": [ 53, 5 ] },
    { "size": [ 2, 1 ], "from": [ 37, 24 ], "to": [ 51, 8 ] },

    { "size": [ 2, 1 ], "from": [ 33, 27 ], "to": [ 47, 11 ] },
    { "size": [ 1, 1 ], "from": [ 34, 28 ], "to": [ 48, 12 ] },
    { "size": [ 1, 1 ], "from": [ 33, 28 ], "to": [ 47, 13 ] },
    { "size": [ 2, 1 ], "from": [ 33, 29 ], "to": [ 47, 14 ] },

    { "size": [ 2, 1 ], "from": [ 37, 27 ], "to": [ 51, 11 ] },
    { "size": [ 1, 1 ], "from": [ 37, 28 ], "to": [ 51, 12 ] },
    { "size": [ 1, 1 ], "from": [ 38, 28 ], "to": [ 52, 13 ] },
    { "size": [ 2, 1 ], "from": [ 37, 29 ], "to": [ 51, 14 ] },
    
    { "size": [ 1, 3 ], "from": [ 21, 21 ], "to": [ 30, 5 ] },
    { "size": [ 2, 1 ], "from": [ 22, 21 ], "to": [ 31, 5 ] },
    { "size": [ 1, 3 ], "from": [ 26, 21 ], "to": [ 39, 5 ] },
    { "size": [ 2, 1 ], "from": [ 24, 21 ], "to": [ 37, 5 ] },
    { "size": [ 2, 2 ], "from": [ 22, 22 ], "to": [ 32, 8 ] },
    { "size": [ 2, 2 ], "from": [ 24, 22 ], "to": [ 36, 8 ] }
  ]
}
