{
  "dimensions": [ 64, 16 ],
  "stitch": [
    { "size": [ 16, 1 ], "from": [ 40, 20 ], "to": [ 0, 4 ] },
    { "size": [ 16, 2 ], "from": [ 40, 30 ], "to": [ 0, 14 ] },
    { "size": [ 1, 9 ], "from": [ 40, 21 ], "to": [ 0, 5 ] },
    { "size": [ 2, 9 ], "from": [ 43, 21 ], "to": [ 3, 5 ] },
    { "size": [ 2, 9 ], "from": [ 47, 21 ], "to": [ 7, 5 ] },
    { "size": [ 2, 9 ], "from": [ 51, 21 ], "to": [ 11, 5 ] },
    { "size": [ 1, 9 ], "from": [ 55, 21 ], "to": [ 15, 5 ] },
    { "size": [ 2, 3 ], "from": [ 41, 24 ], "to": [ 1, 8 ] },
    { "size": [ 2, 4 ], "from": [ 45, 24 ], "to": [ 5, 8 ] },
    { "size": [ 2, 6 ], "from": [ 49, 21 ], "to": [ 9, 5 ] },
    { "size": [ 2, 4 ], "from": [ 53, 24 ], "to": [ 13, 8 ] },
    { "size": [ 5, 4 ], "from": [ 44, 16 ], "to": [ 4, 0 ] },
    { "size": [ 2, 1 ], "from": [ 49, 16 ], "to": [ 9, 0 ] },
    { "size": [ 2, 1 ], "from": [ 49, 19 ], "to": [ 9, 3 ] },
    { "size": [ 1, 4 ], "from": [ 51, 16 ], "to": [ 11, 0 ] },

    { "size": [ 1, 2 ], "from": [ 49, 17 ], "to": [ 22, 7 ] },
    { "size": [ 1, 2 ], "from": [ 50, 17 ], "to": [ 25, 7 ] },
    
    { "size": [ 1, 2 ], "from": [ 41, 21 ], "to": [ 34, 5 ] },
    { "size": [ 1, 2 ], "from": [ 42, 21 ], "to": [ 37, 5 ] },
    { "size": [ 2, 1 ], "from": [ 41, 23 ], "to": [ 35, 7 ] },

    { "size": [ 2, 1 ], "from": [ 45, 21 ], "to": [ 43, 5 ] },
    { "size": [ 1, 1 ], "from": [ 45, 22 ], "to": [ 43, 6 ] },
    { "size": [ 1, 1 ], "from": [ 46, 22 ], "to": [ 44, 7 ] },
    { "size": [ 2, 1 ], "from": [ 45, 23 ], "to": [ 43, 8 ] },

    { "size": [ 2, 1 ], "from": [ 53, 21 ], "to": [ 59, 5 ] },
    { "size": [ 1, 1 ], "from": [ 54, 22 ], "to": [ 60, 6 ] },
    { "size": [ 1, 1 ], "from": [ 53, 22 ], "to": [ 59, 7 ] },
    { "size": [ 2, 1 ], "from": [ 53, 23 ], "to": [ 59, 8 ] },

    { "size": [ 1, 3 ], "from": [ 41, 27 ], "to": [ 34, 11 ] },
    { "size": [ 1, 3 ], "from": [ 42, 27 ], "to": [ 37, 11 ] },

    { "size": [ 1, 2 ], "from": [ 45, 28 ], "to": [ 42, 12 ] },
    { "size": [ 1, 2 ], "from": [ 46, 28 ], "to": [ 45, 12 ] },

    { "size": [ 1, 3 ], "from": [ 49, 27 ], "to": [ 50, 11 ] },
    { "size": [ 1, 3 ], "from": [ 50, 27 ], "to": [ 53, 11 ] },

    { "size": [ 1, 2 ], "from": [ 53, 28 ], "to": [ 58, 12 ] },
    { "size": [ 1, 2 ], "from": [ 54, 28 ], "to": [ 61, 12 ] }
  ]
}
