{
  "dimensions": [ 64, 16 ],
  "stitch": [
    { "size": [ 16, 2 ], "from": [ 0, 20 ], "to": [ 0, 4 ] },
    { "size": [ 16, 1 ], "from": [ 0, 31 ], "to": [ 0, 15 ] },
    { "size": [ 1, 9 ], "from": [ 0, 22 ], "to": [ 0, 6 ] },
    { "size": [ 2, 9 ], "from": [ 3, 22 ], "to": [ 3, 6 ] },
    { "size": [ 2, 9 ], "from": [ 7, 22 ], "to": [ 7, 6 ] },
    { "size": [ 2, 9 ], "from": [ 11, 22 ], "to": [ 11, 6 ] },
    { "size": [ 1, 9 ], "from": [ 15, 22 ], "to": [ 15, 6 ] },
    { "size": [ 2, 2 ], "from": [ 1, 25 ], "to": [ 1, 9 ] },
    { "size": [ 2, 2 ], "from": [ 5, 25 ], "to": [ 5, 9 ] },
    { "size": [ 2, 2 ], "from": [ 9, 25 ], "to": [ 9, 9 ] },
    { "size": [ 2, 2 ], "from": [ 13, 25 ], "to": [ 13, 9 ] },
    { "size": [ 5, 4 ], "from": [ 4, 16 ], "to": [ 4, 0 ] },
    { "size": [ 2, 1 ], "from": [ 9, 16 ], "to": [ 9, 0 ] },
    { "size": [ 2, 1 ], "from": [ 9, 19 ], "to": [ 9, 3 ] },
    { "size": [ 1, 4 ], "from": [ 11, 16 ], "to": [ 11, 0 ] },

    { "size": [ 2, 2 ], "from": [ 9, 17 ], "to": [ 23, 7 ] },

    { "size": [ 1, 4 ], "from": [ 1, 27 ], "to": [ 34, 11 ] },
    { "size": [ 1, 4 ], "from": [ 2, 27 ], "to": [ 37, 11 ] },

    { "size": [ 1, 4 ], "from": [ 5, 27 ], "to": [ 42, 11 ] },
    { "size": [ 1, 4 ], "from": [ 6, 27 ], "to": [ 45, 11 ] },

    { "size": [ 1, 4 ], "from": [ 9, 27 ], "to": [ 50, 11 ] },
    { "size": [ 1, 4 ], "from": [ 10, 27 ], "to": [ 53, 11 ] },

    { "size": [ 1, 4 ], "from": [ 13, 27 ], "to": [ 58, 11 ] },
    { "size": [ 1, 4 ], "from": [ 14, 27 ], "to": [ 61, 11 ] },

    { "size": [ 1, 3 ], "from": [ 1, 22 ], "to": [ 34, 6 ] },
    { "size": [ 1, 3 ], "from": [ 2, 22 ], "to": [ 37, 6 ] },

    { "size": [ 1, 3 ], "from": [ 5, 22 ], "to": [ 42, 6 ] },
    { "size": [ 1, 3 ], "from": [ 6, 22 ], "to": [ 45, 6 ] },

    { "size": [ 1, 3 ], "from": [ 9, 22 ], "to": [ 50, 6 ] },
    { "size": [ 1, 3 ], "from": [ 10, 22 ], "to": [ 53, 6 ] },

    { "size": [ 1, 3 ], "from": [ 13, 22 ], "to": [ 58, 6 ] },
    { "size": [ 1, 3 ], "from": [ 14, 22 ], "to": [ 61, 6 ] }
  ]
}
