{
  "dimensions": [ 64, 32 ],
  "stitch": [
    { "size": [ 16, 2 ], "from": [ 16, 52 ], "to": [ 0, 4 ] },
    { "size": [ 16, 1 ], "from": [ 16, 63 ], "to": [ 0, 15 ] },
    { "size": [ 1, 9 ], "from": [ 16, 54 ], "to": [ 0, 6 ] },
    { "size": [ 2, 9 ], "from": [ 19, 54 ], "to": [ 3, 6 ] },
    { "size": [ 2, 9 ], "from": [ 23, 54 ], "to": [ 7, 6 ] },
    { "size": [ 2, 9 ], "from": [ 27, 54 ], "to": [ 11, 6 ] },
    { "size": [ 1, 9 ], "from": [ 31, 54 ], "to": [ 15, 6 ] },
    { "size": [ 2, 2 ], "from": [ 17, 57 ], "to": [ 1, 9 ] },
    { "size": [ 2, 2 ], "from": [ 21, 57 ], "to": [ 5, 9 ] },
    { "size": [ 2, 2 ], "from": [ 25, 57 ], "to": [ 9, 9 ] },
    { "size": [ 2, 2 ], "from": [ 29, 57 ], "to": [ 13, 9 ] },
    { "size": [ 5, 4 ], "from": [ 20, 48 ], "to": [ 4, 0 ] },
    { "size": [ 2, 1 ], "from": [ 25, 48 ], "to": [ 9, 0 ] },
    { "size": [ 2, 1 ], "from": [ 25, 51 ], "to": [ 9, 3 ] },
    { "size": [ 1, 4 ], "from": [ 27, 48 ], "to": [ 11, 0 ] },

    { "size": [ 2, 2 ], "from": [ 25, 49 ], "to": [ 23, 7 ] },

    { "size": [ 1, 4 ], "from": [ 17, 59 ], "to": [ 34, 11 ] },
    { "size": [ 1, 4 ], "from": [ 18, 59 ], "to": [ 37, 11 ] },

    { "size": [ 1, 4 ], "from": [ 21, 59 ], "to": [ 42, 11 ] },
    { "size": [ 1, 4 ], "from": [ 22, 59 ], "to": [ 45, 11 ] },

    { "size": [ 1, 4 ], "from": [ 25, 59 ], "to": [ 50, 11 ] },
    { "size": [ 1, 4 ], "from": [ 26, 59 ], "to": [ 53, 11 ] },

    { "size": [ 1, 4 ], "from": [ 29, 59 ], "to": [ 58, 11 ] },
    { "size": [ 1, 4 ], "from": [ 30, 59 ], "to": [ 61, 11 ] },

    { "size": [ 1, 3 ], "from": [ 17, 54 ], "to": [ 34, 6 ] },
    { "size": [ 1, 3 ], "from": [ 18, 54 ], "to": [ 37, 6 ] },

    { "size": [ 1, 3 ], "from": [ 21, 54 ], "to": [ 42, 6 ] },
    { "size": [ 1, 3 ], "from": [ 22, 54 ], "to": [ 45, 6 ] },

    { "size": [ 1, 3 ], "from": [ 25, 54 ], "to": [ 50, 6 ] },
    { "size": [ 1, 3 ], "from": [ 26, 54 ], "to": [ 53, 6 ] },

    { "size": [ 1, 3 ], "from": [ 29, 54 ], "to": [ 58, 6 ] },
    { "size": [ 1, 3 ], "from": [ 30, 54 ], "to": [ 61, 6 ] }
  ]
}
