{
  "texture": {
    "in": "skyhighheroes:cyber/purple/cyber_purple_lights",
    "transform": [
      {
        "operation": "XOR",
        "supply": "skyhighheroes:xor/cybernetic_thermoptic_base_<TIMER>"
      },
      {
        "operation": "STITCH",
        "supply": "skyhighheroes:cybernetic_right_leg_base"
      },
      {
        "operation": "ADD",
        "supply": "skyhighheroes:cyber/purple/cyber_purple_right_leg_lights"
      }
    ],
    "out": "skyhighheroes:generated/cyber_purple_right_leg_lights_<TIMER>"
  },
  "getters": {
    "TIMER": {
      "key": "Math.min(Math.max(Math.ceil(47*Math.min(Math.max(entity.getInterpolatedData('skyhighheroes:dyn/thermoptic_camouflage_timer'), 0), 1)), 31), 47) | 0",
      "values": {
        "min": 31,
        "max": 47
      }
    }
  },
  "isDynamic": true
}