{
  "texture": {
    "in": "skyhighheroes:astro/astro_<CLOTHING>",
    "transform": [
      {
        "operation": "XOR",
        "supply": "skyhighheroes:xor/astro_body_<OPENINGS>"
      }
    ],
    "out": "skyhighheroes:generated/astro_body_<CLOTHING>_<OPENINGS>"
  },
  "getters": {
    "CLOTHING": {
      "key": "entity.getData('skyhighheroes:dyn/astro_clothes') == 0 ? 'base' : entity.getData('skyhighheroes:dyn/astro_clothes') == 1 ? 'long' : entity.getData('skyhighheroes:dyn/astro_clothes') == 2 ? 'short' : 'normal'",
      "values": ["base", "long", "short", "normal"]
    },
    "OPENINGS": {
      "key": "(entity.getData('skyhighheroes:dyn/body_upper_front_open_timer') > 0 || entity.getData('skyhighheroes:dyn/body_upper_back_open_timer') > 0) ? 'upper' : (entity.getData('skyhighheroes:dyn/body_lower_front_open_timer') > 0 || entity.getData('skyhighheroes:dyn/body_lower_back_open_timer') > 0) ? 'lower' : (entity.getData('skyhighheroes:dyn/body_machine_gun_open_timer') > 0) ? 'lowest' : 'none'",
      "values": ["upper", "lower", "lowest", "none"]
    }
  },
  "isDynamic": true
}