{
  "texture": {
    "in": "skyhighheroes:cyber/cyber_camouflage",
    "transform": [
      {
        "operation": "XOR",
        "supply": "skyhighheroes:xor/cybernetic_thermoptic_<TIMER>"
      },
      {
        "operation": "STITCH",
        "supply": "skyhighheroes:cybernetic_left_leg_base"
      }
    ],
    "out": "skyhighheroes:generated/cyber_left_leg_camouflage_<TIMER>"
  },
  "getters": {
    "TIMER": {
      "key": "Math.min(Math.max(Math.ceil(47 * entity.getInterpolatedData('skyhighheroes:dyn/thermoptic_camouflage_timer')) + ((entity.getWornHelmet().nbt().getBoolean('camoOnStand') && entity.is('DISPLAY')) ? 47 : 0), 31), 47) | 0",
      "values": {
        "min": 31,
        "max": 47
      }
    }
  },
  "isDynamic": true
}