{
  "name": "Jet-powered Flight",
  "value": 1,
  "modifiers": {
    "fiskheroes:controlled_flight": {
      "speed": 0.1,
      "boostSpeed": 0.4,
      "canBoost": true,
      "canRoll": true,
      "diveSpeedRetention": 0.6,
      "collision": {
        "blocks": {
          "stopFlying": false,
          "takeDamage": true
        },
        "entities": {
          "stopFlying": false,
          "dealDamage": true
        }
      },
      "knockback": 1.0,
      "soundEvents": {
        "ENABLE": ["skyhighheroes:tenma_flight_enable", "skyhighheroes:tenma_flight_loop"],
        "BOOST": "skyhighheroes:tenma_flight_boost"
      }
    },
    "fiskheroes:teleportation": {
      "canReachMoon": true,
      "range": 1024.0,
      "soundEvents": {
        "TELEPORT": []
      }
    }
  }
}
