{
  "name": "Battle Card Predation",
  "value": 1,
  "modifiers": {
    "fiskheroes:transformation|predation": {
      "transformation": {
        "toggleData": "skyhighheroes:dyn/predation",
        "timerData": "skyhighheroes:dyn/predation_timer",
        "time": 20
      },
      "isToggle": true
    },
    "fiskheroes:gravity_manipulation": {
      "range": 0.0,
      "radius": 0.0,
      "minGravity": 1.0,
      "maxGravity": 1.0,
      "affectsUser": false,
      "soundEvents": {
      }
    }
  }
}
