{
  "name": "Battle Cards",
  "value": 1,
  "modifiers": {
    "fiskheroes:shield|barrier": {
      "shield": {
        "health": 300.0,
        "regeneration": 25.0,
        "recoveryDelay": 200
      },
      "coverage": {
        "yawRadius": 360.0,
        "pitchRadius": 360.0,
        "yawOffset": 0.0,
        "pitchOffset": 0.0
      },
      "knockback": 0.0,
      "isToggle": true,
      "soundEvents": {
        "BLOCK_START": "skyhighheroes:forcefield",
        "DEFLECT": "skyhighheroes:forcefield_deflect"
      }
    },
    "fiskheroes:shield|sword": {
      "shield": {
        "health": 300.0,
        "regeneration": 25.0,
        "recoveryDelay": 200
      },
      "coverage": {
        "yawRadius": 130.0,
        "pitchRadius": 180.0,
        "yawOffset": 0.0,
        "pitchOffset": 0.0
      },
      "knockback": 0.0,
      "isToggle": true,
      "soundEvents": {
      }
    },
    "fiskheroes:blade": {
      "isToggle": true
    },
    "fiskheroes:transformation|sword_base": {
      "transformation": {
        "toggleData": "skyhighheroes:dyn/sword",
        "timerData": "skyhighheroes:dyn/sword_timer",
        "time": 10
      },
      "isToggle": true
    },
    "fiskheroes:transformation|sword_blade": {
      "transformation": {
        "toggleData": "skyhighheroes:dyn/sword_blade",
        "timerData": "skyhighheroes:dyn/sword_blade_timer",
        "time": 5
      },
      "isToggle": true
    },
    "fiskheroes:transformation|cannon": {
      "transformation": {
        "toggleData": "skyhighheroes:dyn/cannon",
        "timerData": "skyhighheroes:dyn/cannon_timer",
        "time": 10
      },
      "isToggle": true
    },
    "fiskheroes:repulsor_blast": {
      "damageProfile": {
        "damage": 15.0,
        "types": {
          "ELEMENT_NONE": 1.0
        },
        "properties": {
          "ADD_KNOCKBACK": 1.0,
          "HIT_COOLDOWN": 0.0
        }
      },
      "range": 48.0,
      "speed": 20.0,
      "spread": 0.0,
      "radius": 0.1,
      "cooldownTime": 10,
      "soundEvents": {
        "SHOOT": "skyhighheroes:wave_shooting"
      }
    },
    "fiskheroes:transformation|jet_attack": {
      "transformation": {
        "toggleData": "skyhighheroes:dyn/jet_attack",
        "timerData": "skyhighheroes:dyn/jet_attack_timer",
        "time": 10
      },
      "isToggle": true
    },
    "fiskheroes:energy_projection": {
      "damageProfile": {
        "damage": 15.0,
        "types": {
          "ELEMENT_NONE": 1.0
        },
        "properties": {
          "ADD_KNOCKBACK": 5.0,
          "HIT_COOLDOWN": 10
        }
      },
      "range": 1.0,
      "radius": 0.5,
      "soundEvents": {
      }
    },
    "fiskheroes:transformation|knuckle": {
      "transformation": {
        "toggleData": "skyhighheroes:dyn/knuckle",
        "timerData": "skyhighheroes:dyn/knuckle_timer",
        "time": 10
      },
      "isToggle": true
    }
  }
}
