{
  "name": "Base HUD",
  "value": 1,
  "modifiers": {
  },
  "hud": [
    {
      "type": "CHARGE",
      "texture": "skyhighheroes:textures/gui/bars/cyber_compass_N.png",
      "data": "(((entity.getData('skyhighheroes:dyn/bearing') >= 0) && (entity.getData('skyhighheroes:dyn/bearing') < 11.25)) || ((entity.getData('skyhighheroes:dyn/bearing') > 348.75) && (entity.getData('skyhighheroes:dyn/bearing') <= 360))) ? 1.0 : 0.0"
    },
    {
      "type": "CHARGE",
      "texture": "skyhighheroes:textures/gui/bars/cyber_compass_NNE.png",
      "data": "((entity.getData('skyhighheroes:dyn/bearing') < 33.75) && (entity.getData('skyhighheroes:dyn/bearing') > 11.25)) ? 1.0 : 0.0"
    },
    {
      "type": "CHARGE",
      "texture": "skyhighheroes:textures/gui/bars/cyber_compass_NE.png",
      "data": "((entity.getData('skyhighheroes:dyn/bearing') < 56.25) && (entity.getData('skyhighheroes:dyn/bearing') > 33.75)) ? 1.0 : 0.0"
    },
    {
      "type": "CHARGE",
      "texture": "skyhighheroes:textures/gui/bars/cyber_compass_ENE.png",
      "data": "((entity.getData('skyhighheroes:dyn/bearing') < 78.75) && (entity.getData('skyhighheroes:dyn/bearing') > 56.25)) ? 1.0 : 0.0"
    },
    {
      "type": "CHARGE",
      "texture": "skyhighheroes:textures/gui/bars/cyber_compass_E.png",
      "data": "((entity.getData('skyhighheroes:dyn/bearing') < 101.25) && (entity.getData('skyhighheroes:dyn/bearing') > 78.75)) ? 1.0 : 0.0"
    },
    {
      "type": "CHARGE",
      "texture": "skyhighheroes:textures/gui/bars/cyber_compass_ESE.png",
      "data": "((entity.getData('skyhighheroes:dyn/bearing') < 123.75) && (entity.getData('skyhighheroes:dyn/bearing') > 101.25)) ? 1.0 : 0.0"
    },
    {
      "type": "CHARGE",
      "texture": "skyhighheroes:textures/gui/bars/cyber_compass_SE.png",
      "data": "((entity.getData('skyhighheroes:dyn/bearing') < 146.25) && (entity.getData('skyhighheroes:dyn/bearing') > 123.75)) ? 1.0 : 0.0"
    },
    {
      "type": "CHARGE",
      "texture": "skyhighheroes:textures/gui/bars/cyber_compass_SSE.png",
      "data": "((entity.getData('skyhighheroes:dyn/bearing') < 168.75) && (entity.getData('skyhighheroes:dyn/bearing') > 146.25)) ? 1.0 : 0.0"
    },
    {
      "type": "CHARGE",
      "texture": "skyhighheroes:textures/gui/bars/cyber_compass_S.png",
      "data": "((entity.getData('skyhighheroes:dyn/bearing') < 191.25) && (entity.getData('skyhighheroes:dyn/bearing') > 168.75)) ? 1.0 : 0.0"
    },
    {
      "type": "CHARGE",
      "texture": "skyhighheroes:textures/gui/bars/cyber_compass_SSW.png",
      "data": "((entity.getData('skyhighheroes:dyn/bearing') < 213.75) && (entity.getData('skyhighheroes:dyn/bearing') > 191.25)) ? 1.0 : 0.0"
    },
    {
      "type": "CHARGE",
      "texture": "skyhighheroes:textures/gui/bars/cyber_compass_SW.png",
      "data": "((entity.getData('skyhighheroes:dyn/bearing') < 236.25) && (entity.getData('skyhighheroes:dyn/bearing') > 213.75)) ? 1.0 : 0.0"
    },
    {
      "type": "CHARGE",
      "texture": "skyhighheroes:textures/gui/bars/cyber_compass_WSW.png",
      "data": "((entity.getData('skyhighheroes:dyn/bearing') < 258.75) && (entity.getData('skyhighheroes:dyn/bearing') > 236.25)) ? 1.0 : 0.0"
    },
    {
      "type": "CHARGE",
      "texture": "skyhighheroes:textures/gui/bars/cyber_compass_W.png",
      "data": "((entity.getData('skyhighheroes:dyn/bearing') < 281.25) && (entity.getData('skyhighheroes:dyn/bearing') > 258.75)) ? 1.0 : 0.0"
    },
    {
      "type": "CHARGE",
      "texture": "skyhighheroes:textures/gui/bars/cyber_compass_WNW.png",
      "data": "((entity.getData('skyhighheroes:dyn/bearing') < 303.75) && (entity.getData('skyhighheroes:dyn/bearing') > 281.25)) ? 1.0 : 0.0"
    },
    {
      "type": "CHARGE",
      "texture": "skyhighheroes:textures/gui/bars/cyber_compass_NW.png",
      "data": "((entity.getData('skyhighheroes:dyn/bearing') < 326.25) && (entity.getData('skyhighheroes:dyn/bearing') > 303.75)) ? 1.0 : 0.0"
    },
    {
      "type": "CHARGE",
      "texture": "skyhighheroes:textures/gui/bars/cyber_compass_NNW.png",
      "data": "((entity.getData('skyhighheroes:dyn/bearing') < 348.75) && (entity.getData('skyhighheroes:dyn/bearing') > 326.25)) ? 1.0 : 0.0"
    },
    {
      "type": "CHARGE",
      "texture": "skyhighheroes:textures/gui/bars/cyber_downloading.png",
      "data": "entity.getInterpolatedData('skyhighheroes:dyn/download_timer')"
    },
    {
      "type": "CHARGE",
      "texture": "skyhighheroes:textures/gui/bars/cyber_uploading.png",
      "data": "entity.getInterpolatedData('skyhighheroes:dyn/upload_timer')"
    },
    {
      "type": "CHARGE",
      "texture": "skyhighheroes:textures/gui/bars/cyber_transmitting.png",
      "data": "entity.getInterpolatedData('skyhighheroes:dyn/transmit_timer')"
    },
    {
      "type": "CHARGE",
      "texture": "skyhighheroes:textures/gui/bars/cyber_receiving.png",
      "data": "entity.getInterpolatedData('skyhighheroes:dyn/receive_timer')"
    }
  ]
}
